month,town,flat_type,storey_range,floor_area_sqm,flat_model,remaining_lease,resale_price,Score
2017-01,ANG MO KIO,2 ROOM,10 TO 12,44.0,Improved,61 years 04 months,232000.0,42.82662692498758
2017-01,ANG MO KIO,3 ROOM,01 TO 03,67.0,New Generation,60 years 07 months,250000.0,54.59960258320914
2017-01,ANG MO KIO,3 ROOM,01 TO 03,67.0,New Generation,62 years 05 months,262000.0,49.62940884252359
2017-01,ANG MO KIO,3 ROOM,04 TO 06,68.0,New Generation,62 years 01 month,265000.0,45.75062096373571
2017-01,ANG MO KIO,3 ROOM,01 TO 03,67.0,New Generation,62 years 05 months,265000.0,49.62940884252359
2017-01,ANG MO KIO,3 ROOM,01 TO 03,68.0,New Generation,63 years,275000.0,48.76552409339295
2017-01,ANG MO KIO,3 ROOM,04 TO 06,68.0,New Generation,61 years 06 months,280000.0,45.735717834078486
2017-01,ANG MO KIO,3 ROOM,04 TO 06,67.0,New Generation,58 years 04 months,285000.0,45.56979632389469
2017-01,ANG MO KIO,3 ROOM,04 TO 06,68.0,New Generation,61 years 06 months,285000.0,45.735717834078486
2017-01,ANG MO KIO,3 ROOM,01 TO 03,67.0,New Generation,61 years 04 months,285000.0,45.61450571286637
2017-01,ANG MO KIO,3 ROOM,01 TO 03,68.0,New Generation,62 years 01 month,288500.0,45.75062096373571
2017-01,ANG MO KIO,3 ROOM,10 TO 12,67.0,New Generation,59 years 08 months,295000.0,49.58469945355191
2017-01,ANG MO KIO,3 ROOM,04 TO 06,67.0,New Generation,59 years 08 months,295000.0,45.58469945355191
2017-01,ANG MO KIO,3 ROOM,07 TO 09,67.0,New Generation,59 years 06 months,297000.0,45.58469945355191
2017-01,ANG MO KIO,3 ROOM,07 TO 09,68.0,New Generation,62 years 01 month,298000.0,45.75062096373571
2017-01,ANG MO KIO,3 ROOM,04 TO 06,67.0,New Generation,60 years,298000.0,49.59960258320914
2017-01,ANG MO KIO,3 ROOM,10 TO 12,67.0,New Generation,61 years 04 months,300000.0,45.61450571286637
2017-01,ANG MO KIO,3 ROOM,04 TO 06,68.0,New Generation,62 years 08 months,301000.0,45.75062096373571
2017-01,ANG MO KIO,3 ROOM,07 TO 09,67.0,New Generation,61 years,306000.0,45.61450571286637
2017-01,ANG MO KIO,3 ROOM,04 TO 06,68.0,New Generation,62 years 08 months,312000.0,49.75062096373571
2017-01,ANG MO KIO,3 ROOM,07 TO 09,67.0,New Generation,60 years 10 months,312000.0,50.59960258320914
2017-01,ANG MO KIO,3 ROOM,04 TO 06,73.0,New Generation,59 years 06 months,321000.0,55.31197218082464
2017-01,ANG MO KIO,3 ROOM,10 TO 12,67.0,New Generation,61 years,325000.0,49.61450571286637
2017-01,ANG MO KIO,3 ROOM,01 TO 03,67.0,New Generation,59 years 03 months,325000.0,45.58469945355191
2017-01,ANG MO KIO,3 ROOM,04 TO 06,67.0,New Generation,61 years 05 months,328000.0,49.61450571286637
2017-01,ANG MO KIO,3 ROOM,07 TO 09,74.0,New Generation,60 years 04 months,330000.0,55.44808743169399
2017-01,ANG MO KIO,3 ROOM,07 TO 09,68.0,New Generation,63 years,330000.0,45.76552409339295
2017-01,ANG MO KIO,3 ROOM,10 TO 12,73.0,New Generation,59 years 06 months,335000.0,55.31197218082464
2017-01,ANG MO KIO,3 ROOM,07 TO 09,68.0,New Generation,63 years,338000.0,45.76552409339295
2017-01,ANG MO KIO,3 ROOM,10 TO 12,82.0,New Generation,62 years,366000.0,47.44759066070541
2017-01,ANG MO KIO,3 ROOM,10 TO 12,73.0,New Generation,60 years 03 months,373000.0,48.32687531048187
2017-01,ANG MO KIO,3 ROOM,07 TO 09,82.0,New Generation,62 years,375000.0,47.44759066070541
2017-01,ANG MO KIO,3 ROOM,01 TO 03,81.0,New Generation,62 years 05 months,390000.0,52.32637853949329
2017-01,ANG MO KIO,4 ROOM,10 TO 12,92.0,New Generation,61 years 06 months,400000.0,45.6448087431694
2017-01,ANG MO KIO,4 ROOM,07 TO 09,91.0,New Generation,61 years 06 months,400000.0,45.52359662195728
2017-01,ANG MO KIO,4 ROOM,01 TO 03,94.0,New Generation,63 years 09 months,403000.0,48.917039244908096
2017-01,ANG MO KIO,4 ROOM,01 TO 03,92.0,New Generation,63 years,410000.0,48.67461500248386
2017-01,ANG MO KIO,4 ROOM,01 TO 03,98.0,New Generation,61 years 01 month,425888.0,51.372081470442126
2017-01,ANG MO KIO,4 ROOM,04 TO 06,97.0,New Generation,59 years 06 months,430000.0,53.221063089915546
2017-01,ANG MO KIO,4 ROOM,04 TO 06,92.0,New Generation,61 years 10 months,435000.0,48.6448087431694
2017-01,ANG MO KIO,4 ROOM,04 TO 06,91.0,New Generation,62 years 05 months,435000.0,52.5384997516145
2017-01,ANG MO KIO,4 ROOM,04 TO 06,92.0,New Generation,62 years 01 month,440000.0,48.65971187282662
2017-01,ANG MO KIO,4 ROOM,04 TO 06,97.0,New Generation,58 years 06 months,460000.0,49.206159960258326
2017-01,ANG MO KIO,4 ROOM,10 TO 12,97.0,New Generation,59 years 04 months,518000.0,49.221063089915546
2017-01,ANG MO KIO,4 ROOM,10 TO 12,99.0,New Generation,62 years 11 months,518000.0,58.50819672131147
2017-01,ANG MO KIO,4 ROOM,10 TO 12,98.0,New Generation,60 years 08 months,560000.0,58.3571783407849
2017-01,ANG MO KIO,4 ROOM,13 TO 15,90.0,DBSS,93 years 08 months,688000.0,48.87928464977645
2017-01,ANG MO KIO,4 ROOM,19 TO 21,91.0,DBSS,93 years 07 months,730000.0,49.000496770988576
2017-01,ANG MO KIO,4 ROOM,22 TO 24,91.0,DBSS,93 years 07 months,756000.0,49.000496770988576
2017-01,ANG MO KIO,5 ROOM,01 TO 03,117.0,Standard,60 years 01 month,500000.0,55.6602086438152
2017-01,ANG MO KIO,5 ROOM,13 TO 15,119.0,Improved,61 years,668000.0,57.91753601589667
2017-01,ANG MO KIO,5 ROOM,19 TO 21,118.0,Improved,62 years 08 months,668000.0,57.811227024341775
2017-01,ANG MO KIO,5 ROOM,13 TO 15,119.0,Improved,62 years 05 months,725000.0,59.93243914555389
2017-01,ANG MO KIO,5 ROOM,10 TO 12,112.0,DBSS,93 years 07 months,770000.0,55.54595131644312
2017-01,ANG MO KIO,5 ROOM,10 TO 12,121.0,Improved,94 years 08 months,832000.0,52.65176353700944
2017-01,ANG MO KIO,EXECUTIVE,07 TO 09,147.0,Apartment,78 years 04 months,888000.0,55.56482861400895
2017-01,BEDOK,2 ROOM,04 TO 06,45.0,Improved,60 years 06 months,238000.0,56.93293591654248
2017-01,BEDOK,3 ROOM,04 TO 06,68.0,New Generation,62 years 06 months,272000.0,47.75062096373571
2017-01,BEDOK,3 ROOM,07 TO 09,59.0,Improved,60 years,278000.0,44.62990561351217
2017-01,BEDOK,3 ROOM,01 TO 03,68.0,New Generation,62 years 05 months,280000.0,47.75062096373571
2017-01,BEDOK,3 ROOM,01 TO 03,59.0,Improved,58 years,280000.0,58.60009935419773
2017-01,BEDOK,3 ROOM,04 TO 06,63.0,Simplified,70 years 08 months,281000.0,49.26378539493294
2017-01,BEDOK,3 ROOM,04 TO 06,68.0,New Generation,63 years 04 months,285000.0,45.76552409339295
2017-01,BEDOK,3 ROOM,04 TO 06,68.0,New Generation,63 years 06 months,285000.0,45.76552409339295
2017-01,BEDOK,3 ROOM,10 TO 12,70.0,New Generation,67 years 07 months,287000.0,46.0675608544461
2017-01,BEDOK,3 ROOM,13 TO 15,68.0,New Generation,61 years 07 months,290000.0,45.735717834078486
2017-01,BEDOK,3 ROOM,10 TO 12,60.0,Improved,68 years 02 months,290000.0,44.87034277198212
2017-01,BEDOK,3 ROOM,04 TO 06,68.0,New Generation,62 years 06 months,293000.0,47.75062096373571
2017-01,BEDOK,3 ROOM,10 TO 12,60.0,Improved,68 years 03 months,300000.0,44.87034277198212
2017-01,BEDOK,3 ROOM,10 TO 12,67.0,New Generation,68 years 02 months,300000.0,49.71882762046697
2017-01,BEDOK,3 ROOM,13 TO 15,65.0,Improved,58 years,300000.0,45.32737208147044
2017-01,BEDOK,3 ROOM,07 TO 09,65.0,Improved,56 years,300000.0,51.29756582215599
2017-01,BEDOK,3 ROOM,13 TO 15,60.0,Improved,67 years 09 months,300000.0,44.855439642324896
2017-01,BEDOK,3 ROOM,07 TO 09,60.0,Improved,67 years 09 months,301888.0,44.855439642324896
2017-01,BEDOK,3 ROOM,04 TO 06,67.0,New Generation,59 years 08 months,305000.0,59.58469945355191
2017-01,BEDOK,3 ROOM,07 TO 09,68.0,New Generation,63 years 06 months,310000.0,45.76552409339295
2017-01,BEDOK,3 ROOM,01 TO 03,67.0,New Generation,67 years 05 months,310000.0,47.70392449080974
2017-01,BEDOK,3 ROOM,07 TO 09,68.0,New Generation,63 years 07 months,310000.0,45.76552409339295
2017-01,BEDOK,3 ROOM,04 TO 06,75.0,Model A,66 years 03 months,310000.0,46.65871833084948
2017-01,BEDOK,3 ROOM,07 TO 09,70.0,Improved,60 years 01 month,312000.0,45.96323894684551
2017-01,BEDOK,3 ROOM,10 TO 12,65.0,Improved,58 years,312000.0,59.32737208147044
2017-01,BEDOK,3 ROOM,04 TO 06,66.0,Improved,65 years 04 months,312000.0,51.55290611028316
2017-01,BEDOK,3 ROOM,07 TO 09,68.0,New Generation,63 years 06 months,313000.0,45.76552409339295
2017-01,BEDOK,3 ROOM,10 TO 12,67.0,New Generation,61 years,332000.0,50.61450571286637
2017-01,BEDOK,3 ROOM,04 TO 06,73.0,New Generation,60 years 04 months,336000.0,46.32687531048187
2017-01,BEDOK,3 ROOM,10 TO 12,82.0,New Generation,61 years,358000.0,61.43268753104819
2017-01,BEDOK,3 ROOM,01 TO 03,82.0,New Generation,67 years 05 months,360000.0,49.52210630899155
2017-01,BEDOK,3 ROOM,04 TO 06,82.0,New Generation,62 years,365000.0,47.44759066070541
2017-01,BEDOK,4 ROOM,04 TO 06,84.0,Simplified,69 years 05 months,350000.0,51.79433681073025
2017-01,BEDOK,4 ROOM,13 TO 15,90.0,Improved,59 years 11 months,350000.0,48.3725782414307
2017-01,BEDOK,4 ROOM,04 TO 06,84.0,Improved,59 years 08 months,350000.0,47.64530551415797
2017-01,BEDOK,4 ROOM,10 TO 12,90.0,Improved,59 years 08 months,358000.0,48.3725782414307
2017-01,BEDOK,4 ROOM,04 TO 06,82.0,Improved,58 years,358000.0,47.387978142076506
2017-01,BEDOK,4 ROOM,13 TO 15,82.0,Improved,58 years,375000.0,47.387978142076506
2017-01,BEDOK,4 ROOM,01 TO 03,91.0,New Generation,60 years 05 months,380000.0,48.50869349230005
2017-01,BEDOK,4 ROOM,04 TO 06,91.0,New Generation,60 years 07 months,382000.0,48.50869349230005
2017-01,BEDOK,4 ROOM,07 TO 09,84.0,Simplified,69 years 02 months,384000.0,51.79433681073025
2017-01,BEDOK,4 ROOM,13 TO 15,84.0,Simplified,69 years 03 months,385000.0,51.79433681073025
2017-01,BEDOK,4 ROOM,01 TO 03,91.0,New Generation,60 years 05 months,390000.0,48.50869349230005
2017-01,BEDOK,4 ROOM,07 TO 09,84.0,Simplified,68 years 10 months,392000.0,47.77943368107303
2017-01,BEDOK,4 ROOM,07 TO 09,84.0,Simplified,68 years 10 months,395000.0,47.77943368107303
2017-01,BEDOK,4 ROOM,07 TO 09,92.0,New Generation,60 years 04 months,395000.0,48.62990561351217
2017-01,BEDOK,4 ROOM,01 TO 03,91.0,New Generation,62 years 10 months,410000.0,57.5384997516145
2017-01,BEDOK,4 ROOM,04 TO 06,93.0,New Generation,62 years 05 months,412000.0,48.78092399403874
2017-01,BEDOK,4 ROOM,07 TO 09,98.0,New Generation,64 years 04 months,420000.0,49.41679085941381
2017-01,BEDOK,4 ROOM,13 TO 15,91.0,New Generation,60 years 05 months,425000.0,48.50869349230005
2017-01,BEDOK,4 ROOM,10 TO 12,92.0,New Generation,60 years 10 months,430000.0,52.62990561351217
2017-01,BEDOK,4 ROOM,04 TO 06,104.0,Model A,66 years 01 month,430000.0,50.173869846001
2017-01,BEDOK,4 ROOM,04 TO 06,105.0,Premium Apartment,83 years,480000.0,54.53353204172876
2017-01,BEDOK,4 ROOM,13 TO 15,90.0,Model A,83 years 01 month,499000.0,48.73025335320417
2017-01,BEDOK,4 ROOM,07 TO 09,92.0,Model A,87 years 11 months,580000.0,49.03229011425732
2017-01,BEDOK,4 ROOM,04 TO 06,104.0,Model A,71 years 02 months,625000.0,54.248385494287135
2017-01,BEDOK,4 ROOM,10 TO 12,97.0,Model A,92 years 04 months,671000.0,56.71286636860408
2017-01,BEDOK,5 ROOM,01 TO 03,120.0,Improved,64 years 04 months,485000.0,52.08345752608048
2017-01,BEDOK,5 ROOM,07 TO 09,130.0,Adjoined flat,54 years 06 months,530000.0,53.14654744162941
2017-01,BEDOK,5 ROOM,04 TO 06,132.0,Model A,78 years 06 months,550000.0,57.746646795827125
2017-01,BEDOK,5 ROOM,16 TO 18,119.0,Improved,60 years 10 months,604000.0,65.90263288623945
2017-01,BEDOK,5 ROOM,16 TO 18,115.0,Premium Apartment,82 years 11 months,610000.0,55.74565325384998
2017-01,BEDOK,5 ROOM,13 TO 15,122.0,Improved,75 years 04 months,610000.0,52.48981619473423
2017-01,BEDOK,5 ROOM,04 TO 06,137.0,Model A-Maisonette,66 years 07 months,633000.0,58.173869846001
2017-01,BEDOK,5 ROOM,01 TO 03,139.0,Model A-Maisonette,66 years 06 months,660000.0,58.41629408842523
2017-01,BEDOK,5 ROOM,13 TO 15,112.0,Improved,92 years 04 months,795000.0,64.5310481867859
2017-01,BEDOK,EXECUTIVE,04 TO 06,143.0,Apartment,75 years 11 months,668000.0,59.03527074018878
2017-01,BEDOK,EXECUTIVE,01 TO 03,146.0,Maisonette,68 years 04 months,670000.0,55.29458519622455
2017-01,BEDOK,EXECUTIVE,10 TO 12,145.0,Apartment,75 years 11 months,725000.0,59.27769498261301
2017-01,BEDOK,EXECUTIVE,10 TO 12,141.0,Apartment,75 years 04 months,730000.0,68.79284649776454
2017-01,BISHAN,3 ROOM,10 TO 12,68.0,Improved,55 years 09 months,275000.0,45.64629905613512
2017-01,BISHAN,3 ROOM,10 TO 12,64.0,Simplified,68 years 07 months,320000.0,54.35519125683061
2017-01,BISHAN,3 ROOM,04 TO 06,64.0,Simplified,67 years 11 months,395000.0,47.34028812717338
2017-01,BISHAN,4 ROOM,04 TO 06,84.0,Simplified,70 years 08 months,380000.0,47.80923994038748
2017-01,BISHAN,4 ROOM,04 TO 06,84.0,Simplified,70 years 08 months,475000.0,47.80923994038748
2017-01,BISHAN,4 ROOM,04 TO 06,84.0,Simplified,68 years,510000.0,53.77943368107303
2017-01,BISHAN,4 ROOM,04 TO 06,83.0,Simplified,69 years 01 month,513000.0,47.67312468951813
2017-01,BISHAN,4 ROOM,01 TO 03,84.0,Simplified,69 years 11 months,520000.0,47.79433681073025
2017-01,BISHAN,4 ROOM,07 TO 09,84.0,Simplified,67 years 11 months,530000.0,53.7645305514158
2017-01,BISHAN,4 ROOM,07 TO 09,84.0,Simplified,68 years,533000.0,56.77943368107303
2017-01,BISHAN,4 ROOM,01 TO 03,83.0,Simplified,69 years 01 month,583000.0,47.67312468951813
2017-01,BISHAN,4 ROOM,13 TO 15,108.0,Model A,74 years 06 months,625000.0,47.7779433681073
2017-01,BISHAN,4 ROOM,34 TO 36,95.0,DBSS,93 years 07 months,808000.0,49.48534525583706
2017-01,BISHAN,5 ROOM,04 TO 06,139.0,Model A,74 years 04 months,650000.0,54.53551912568305
2017-01,BISHAN,5 ROOM,01 TO 03,121.0,Improved,69 years 06 months,658740.0,52.279185295578735
2017-01,BISHAN,5 ROOM,07 TO 09,123.0,Improved,72 years 03 months,700000.0,58.56631892697467
2017-01,BISHAN,5 ROOM,22 TO 24,120.0,Improved,68 years,728888.0,61.14307004470939
2017-01,BISHAN,5 ROOM,07 TO 09,121.0,Improved,69 years 01 month,730000.0,54.279185295578735
2017-01,BISHAN,5 ROOM,07 TO 09,121.0,Improved,67 years 02 months,760000.0,63.24937903626429
2017-01,BISHAN,5 ROOM,04 TO 06,120.0,DBSS,93 years 08 months,830000.0,52.51564828614009
2017-01,BISHAN,EXECUTIVE,04 TO 06,146.0,Maisonette,74 years 04 months,888000.0,55.38400397416791
2017-01,BISHAN,EXECUTIVE,04 TO 06,143.0,Maisonette,68 years 10 months,895000.0,54.930948832588186
2017-01,BUKIT BATOK,3 ROOM,01 TO 03,64.0,Simplified,69 years 11 months,255000.0,45.37009438648783
2017-01,BUKIT BATOK,3 ROOM,04 TO 06,64.0,Simplified,69 years 06 months,255000.0,52.37009438648783
2017-01,BUKIT BATOK,3 ROOM,04 TO 06,68.0,New Generation,66 years 05 months,260000.0,45.81023348236463
2017-01,BUKIT BATOK,3 ROOM,10 TO 12,60.0,Improved,69 years 06 months,260000.0,53.885245901639344
2017-01,BUKIT BATOK,3 ROOM,01 TO 03,73.0,Model A,69 years 04 months,260000.0,53.46100347739692
2017-01,BUKIT BATOK,3 ROOM,04 TO 06,67.0,New Generation,66 years 11 months,269000.0,49.68902136115251
2017-01,BUKIT BATOK,3 ROOM,01 TO 03,67.0,New Generation,67 years 02 months,270000.0,45.70392449080974
2017-01,BUKIT BATOK,3 ROOM,07 TO 09,69.0,New Generation,67 years 05 months,275000.0,45.94634873323398
2017-01,BUKIT BATOK,3 ROOM,07 TO 09,73.0,Model A,66 years 11 months,278000.0,59.41629408842524
2017-01,BUKIT BATOK,3 ROOM,04 TO 06,67.0,New Generation,67 years 07 months,280000.0,51.70392449080974
2017-01,BUKIT BATOK,3 ROOM,07 TO 09,73.0,Model A,68 years,280000.0,50.4461003477397
2017-01,BUKIT BATOK,3 ROOM,07 TO 09,67.0,New Generation,67 years 02 months,285000.0,45.70392449080974
2017-01,BUKIT BATOK,3 ROOM,01 TO 03,69.0,New Generation,66 years 11 months,285000.0,51.93144560357675
2017-01,BUKIT BATOK,3 ROOM,07 TO 09,73.0,Model A,67 years 02 months,285000.0,46.43119721808248
2017-01,BUKIT BATOK,3 ROOM,04 TO 06,73.0,Model A,66 years 10 months,285000.0,46.41629408842524
2017-01,BUKIT BATOK,3 ROOM,01 TO 03,67.0,New Generation,80 years,292000.0,45.8976651763537
2017-01,BUKIT BATOK,3 ROOM,04 TO 06,73.0,Model A,67 years 05 months,300000.0,43.43119721808247
2017-01,BUKIT BATOK,3 ROOM,07 TO 09,68.0,New Generation,69 years 08 months,300000.0,49.85494287133631
2017-01,BUKIT BATOK,3 ROOM,10 TO 12,67.0,New Generation,66 years 11 months,300188.0,45.68902136115251
2017-01,BUKIT BATOK,3 ROOM,10 TO 12,73.0,Model A,66 years 11 months,303000.0,46.41629408842524
2017-01,BUKIT BATOK,3 ROOM,10 TO 12,73.0,Model A,66 years 09 months,305000.0,46.41629408842524
2017-01,BUKIT BATOK,3 ROOM,04 TO 06,69.0,New Generation,67 years 10 months,315000.0,42.94634873323398
2017-01,BUKIT BATOK,3 ROOM,07 TO 09,68.0,New Generation,66 years 10 months,335000.0,48.81023348236463
2017-01,BUKIT BATOK,4 ROOM,10 TO 12,84.0,Simplified,67 years 09 months,338000.0,54.7645305514158
2017-01,BUKIT BATOK,4 ROOM,01 TO 03,103.0,Model A,69 years 04 months,350000.0,57.09736711376056
2017-01,BUKIT BATOK,4 ROOM,16 TO 18,102.0,Model A,80 years 01 month,358000.0,47.14008941877795
2017-01,BUKIT BATOK,4 ROOM,04 TO 06,91.0,New Generation,67 years 10 months,375000.0,48.61301539990065
2017-01,BUKIT BATOK,4 ROOM,07 TO 09,103.0,Model A,67 years 06 months,380000.0,50.0675608544461
2017-01,BUKIT BATOK,4 ROOM,01 TO 03,100.0,Model A,80 years 01 month,395000.0,46.8976651763537
2017-01,BUKIT BATOK,4 ROOM,07 TO 09,92.0,Model A,86 years 08 months,408000.0,49.017386984600094
2017-01,BUKIT BATOK,4 ROOM,01 TO 03,104.0,Model A,71 years 06 months,410000.0,61.248385494287135
2017-01,BUKIT BATOK,4 ROOM,04 TO 06,103.0,Model A,71 years 03 months,411000.0,50.12717337307501
2017-01,BUKIT BATOK,4 ROOM,01 TO 03,107.0,Model A,67 years 02 months,430000.0,56.55240933929458
2017-01,BUKIT BATOK,4 ROOM,01 TO 03,108.0,Model A,67 years 04 months,430000.0,54.67362146050671
2017-01,BUKIT BATOK,4 ROOM,13 TO 15,90.0,Model A,86 years 11 months,440000.0,48.77496274217585
2017-01,BUKIT BATOK,4 ROOM,16 TO 18,92.0,Model A,86 years 10 months,440000.0,49.017386984600094
2017-01,BUKIT BATOK,4 ROOM,13 TO 15,98.0,Model A,79 years 05 months,440000.0,49.64033780427224
2017-01,BUKIT BATOK,4 ROOM,07 TO 09,104.0,Model A,65 years 10 months,450000.0,61.15896671634376
2017-01,BUKIT BATOK,4 ROOM,10 TO 12,104.0,Model A,67 years 03 months,450000.0,56.18877297565823
2017-01,BUKIT BATOK,4 ROOM,22 TO 24,86.0,Model A,86 years 08 months,455000.0,48.290114257327375
2017-01,BUKIT BATOK,4 ROOM,10 TO 12,104.0,Model A,67 years 02 months,456000.0,61.18877297565823
2017-01,BUKIT BATOK,4 ROOM,13 TO 15,99.0,Model A,79 years 05 months,465000.0,49.76154992548435
2017-01,BUKIT BATOK,4 ROOM,07 TO 09,101.0,Model A,79 years 05 months,500000.0,71.0039741679086
2017-01,BUKIT BATOK,5 ROOM,13 TO 15,121.0,Improved,80 years 01 month,495000.0,49.443119721808245
2017-01,BUKIT BATOK,EXECUTIVE,10 TO 12,150.0,Maisonette,66 years 11 months,664000.0,55.74962742175857
2017-01,BUKIT BATOK,EXECUTIVE,01 TO 03,155.0,Maisonette,67 years 03 months,680000.0,72.37059115747641
2017-01,BUKIT BATOK,EXECUTIVE,13 TO 15,144.0,Apartment,79 years 11 months,800000.0,52.216095380029806
2017-01,BUKIT MERAH,2 ROOM,07 TO 09,34.0,Standard,53 years 06 months,218000.0,41.49528067560854
2017-01,BUKIT MERAH,2 ROOM,07 TO 09,34.0,Standard,53 years 06 months,230000.0,41.49528067560854
2017-01,BUKIT MERAH,2 ROOM,07 TO 09,45.0,Improved,58 years,245000.0,51.90312965722802
2017-01,BUKIT MERAH,2 ROOM,07 TO 09,51.0,Standard,53 years 06 months,300000.0,57.5558867362146
2017-01,BUKIT MERAH,3 ROOM,04 TO 06,65.0,Improved,57 years 02 months,295000.0,42.312468951813216
2017-01,BUKIT MERAH,3 ROOM,04 TO 06,54.0,Standard,52 years 01 month,300000.0,43.904619970193735
2017-01,BUKIT MERAH,3 ROOM,10 TO 12,59.0,Improved,58 years 04 months,300000.0,44.60009935419773
2017-01,BUKIT MERAH,3 ROOM,10 TO 12,59.0,Improved,58 years 03 months,302000.0,44.60009935419773
2017-01,BUKIT MERAH,3 ROOM,01 TO 03,67.0,New Generation,61 years,313000.0,42.61450571286637
2017-01,BUKIT MERAH,3 ROOM,01 TO 03,65.0,Improved,58 years,322000.0,45.32737208147044
2017-01,BUKIT MERAH,3 ROOM,04 TO 06,58.0,Standard,51 years 06 months,333000.0,58.374565325385
2017-01,BUKIT MERAH,3 ROOM,04 TO 06,73.0,New Generation,58 years 08 months,338000.0,50.29706905116742
2017-01,BUKIT MERAH,3 ROOM,10 TO 12,67.0,New Generation,61 years,340000.0,42.61450571286637
2017-01,BUKIT MERAH,3 ROOM,07 TO 09,67.0,New Generation,58 years 08 months,340000.0,45.56979632389469
2017-01,BUKIT MERAH,3 ROOM,04 TO 06,59.0,Improved,56 years 02 months,350000.0,47.57029309488326
2017-01,BUKIT MERAH,3 ROOM,07 TO 09,65.0,Improved,58 years,353000.0,45.32737208147044
2017-01,BUKIT MERAH,3 ROOM,07 TO 09,65.0,Improved,58 years,363000.0,54.32737208147044
2017-01,BUKIT MERAH,3 ROOM,07 TO 09,59.0,Standard,53 years 08 months,365000.0,53.52558370591157
2017-01,BUKIT MERAH,3 ROOM,04 TO 06,65.0,Improved,64 years 08 months,378000.0,45.41679085941381
2017-01,BUKIT MERAH,3 ROOM,07 TO 09,73.0,New Generation,60 years,385000.0,50.32687531048187
2017-01,BUKIT MERAH,3 ROOM,01 TO 03,76.0,Improved,55 years 06 months,400000.0,52.61599602583209
2017-01,BUKIT MERAH,3 ROOM,04 TO 06,67.0,New Generation,61 years 10 months,405000.0,54.61450571286637
2017-01,BUKIT MERAH,3 ROOM,13 TO 15,68.0,Premium Apartment,95 years 07 months,580000.0,50.24242424242424
2017-01,BUKIT MERAH,3 ROOM,01 TO 03,88.0,Standard,55 years 01 month,635000.0,54.07054148037754
2017-01,BUKIT MERAH,3 ROOM,01 TO 03,88.0,Standard,55 years,637000.0,54.07054148037754
2017-01,BUKIT MERAH,3 ROOM,01 TO 03,77.0,Standard,55 years,638000.0,46.73720814704421
2017-01,BUKIT MERAH,3 ROOM,22 TO 24,69.0,Model A,95 years 04 months,650000.0,52.36363636363636
2017-01,BUKIT MERAH,4 ROOM,01 TO 03,74.0,Standard,52 years 06 months,395000.0,46.32886239443616
2017-01,BUKIT MERAH,4 ROOM,04 TO 06,82.0,Improved,57 years 04 months,458000.0,44.37307501241927
2017-01,BUKIT MERAH,4 ROOM,07 TO 09,81.0,Improved,57 years,470000.0,47.25186289120715
2017-01,BUKIT MERAH,4 ROOM,04 TO 06,106.0,Model A,67 years 02 months,510000.0,47.43119721808248
2017-01,BUKIT MERAH,4 ROOM,04 TO 06,104.0,Model A,66 years 06 months,530000.0,47.173869846001
2017-01,BUKIT MERAH,4 ROOM,10 TO 12,88.0,Improved,58 years,550000.0,48.11525086934923
2017-01,BUKIT MERAH,4 ROOM,13 TO 15,100.0,Model A,82 years 06 months,575000.0,41.92747143566815
2017-01,BUKIT MERAH,4 ROOM,16 TO 18,100.0,Model A,79 years 05 months,575000.0,51.88276204669647
2017-01,BUKIT MERAH,4 ROOM,04 TO 06,100.0,Model A,79 years 05 months,585000.0,51.88276204669647
2017-01,BUKIT MERAH,4 ROOM,01 TO 03,91.0,New Generation,67 years 08 months,595000.0,48.61301539990065
2017-01,BUKIT MERAH,4 ROOM,13 TO 15,103.0,Model A,79 years,608000.0,50.24639841033284
2017-01,BUKIT MERAH,4 ROOM,04 TO 06,95.0,Premium Apartment,95 years 08 months,648000.0,53.51515151515152
2017-01,BUKIT MERAH,4 ROOM,04 TO 06,95.0,Premium Apartment,95 years 07 months,680000.0,53.51515151515152
2017-01,BUKIT MERAH,4 ROOM,04 TO 06,95.0,Premium Apartment,95 years 07 months,688000.0,53.51515151515152
2017-01,BUKIT MERAH,4 ROOM,04 TO 06,90.0,Model A,90 years 11 months,690000.0,48.83457526080477
2017-01,BUKIT MERAH,4 ROOM,04 TO 06,100.0,Model A,87 years 11 months,690000.0,62.0019870839543
2017-01,BUKIT MERAH,4 ROOM,19 TO 21,90.0,Model A,87 years 10 months,722000.0,60.78986587183308
2017-01,BUKIT MERAH,4 ROOM,13 TO 15,85.0,Model A,90 years 11 months,735000.0,48.22851465474417
2017-01,BUKIT MERAH,4 ROOM,22 TO 24,85.0,Model A,90 years 11 months,748000.0,48.22851465474417
2017-01,BUKIT MERAH,4 ROOM,28 TO 30,89.0,Model A,95 years 04 months,790000.0,54.78787878787879
2017-01,BUKIT MERAH,4 ROOM,28 TO 30,95.0,Premium Apartment,95 years 07 months,865000.0,53.51515151515152
2017-01,BUKIT MERAH,4 ROOM,07 TO 09,81.0,Improved,57 years,470000.0,47.25186289120715
2017-01,BUKIT MERAH,5 ROOM,01 TO 03,115.0,Improved,82 years 08 months,580000.0,43.74565325384998
2017-01,BUKIT MERAH,5 ROOM,01 TO 03,122.0,Improved,68 years 06 months,595000.0,52.38549428713364
2017-01,BUKIT MERAH,5 ROOM,13 TO 15,120.0,Improved,81 years 02 months,655000.0,54.33681073025336
2017-01,BUKIT MERAH,5 ROOM,10 TO 12,134.0,Model A,66 years 06 months,680000.0,53.81023348236463
2017-01,BUKIT MERAH,5 ROOM,16 TO 18,118.0,Standard,60 years 06 months,725000.0,55.78142076502732
2017-01,BUKIT MERAH,5 ROOM,07 TO 09,117.0,Improved,56 years 05 months,740000.0,53.600596125186286
2017-01,BUKIT MERAH,5 ROOM,13 TO 15,119.0,Improved,65 years 05 months,820000.0,53.97714853452558
2017-01,BUKIT PANJANG,3 ROOM,10 TO 12,73.0,Model A,70 years 09 months,266000.0,50.47590660705415
2017-01,BUKIT PANJANG,3 ROOM,01 TO 03,73.0,Model A,70 years 09 months,276000.0,55.47590660705415
2017-01,BUKIT PANJANG,3 ROOM,07 TO 09,73.0,Model A,71 years 01 month,298000.0,57.49080973671138
2017-01,BUKIT PANJANG,3 ROOM,13 TO 15,68.0,Premium Apartment,94 years 10 months,325000.0,55.227521112767015
2017-01,BUKIT PANJANG,4 ROOM,04 TO 06,101.0,Model A,80 years 03 months,318000.0,64.01887729756582
2017-01,BUKIT PANJANG,4 ROOM,04 TO 06,90.0,Model A,83 years 11 months,320000.0,59.73025335320417
2017-01,BUKIT PANJANG,4 ROOM,01 TO 03,104.0,Model A,70 years 10 months,326000.0,56.23348236462991
2017-01,BUKIT PANJANG,4 ROOM,10 TO 12,104.0,Model A,71 years 02 months,330000.0,64.24838549428713
2017-01,BUKIT PANJANG,4 ROOM,04 TO 06,101.0,Model A,81 years 01 month,330000.0,64.03378042722305
2017-01,BUKIT PANJANG,4 ROOM,07 TO 09,90.0,Model A,83 years 11 months,330000.0,59.73025335320417
2017-01,BUKIT PANJANG,4 ROOM,04 TO 06,103.0,Model A,70 years 06 months,335000.0,59.11227024341778
2017-01,BUKIT PANJANG,4 ROOM,07 TO 09,108.0,Model A,70 years 09 months,335000.0,54.71833084947839
2017-01,BUKIT PANJANG,4 ROOM,10 TO 12,91.0,Premium Apartment,85 years,340000.0,57.88127173373076
2017-01,BUKIT PANJANG,4 ROOM,04 TO 06,103.0,Model A,70 years 09 months,343000.0,59.11227024341778
2017-01,BUKIT PANJANG,4 ROOM,16 TO 18,91.0,Premium Apartment,85 years,345000.0,57.88127173373076
2017-01,BUKIT PANJANG,4 ROOM,01 TO 03,100.0,Model A,81 years 05 months,354000.0,60.912568306010925
2017-01,BUKIT PANJANG,4 ROOM,07 TO 09,102.0,Model A,80 years 07 months,355000.0,64.14008941877793
2017-01,BUKIT PANJANG,4 ROOM,10 TO 12,104.0,Model A,69 years 05 months,355000.0,54.21857923497268
2017-01,BUKIT PANJANG,4 ROOM,07 TO 09,104.0,Model A,69 years 05 months,356000.0,54.21857923497268
2017-01,BUKIT PANJANG,4 ROOM,10 TO 12,102.0,Model A,80 years 10 months,360000.0,64.14008941877793
2017-01,BUKIT PANJANG,4 ROOM,07 TO 09,91.0,Premium Apartment,83 years 10 months,365000.0,59.85146547441629
2017-01,BUKIT PANJANG,4 ROOM,10 TO 12,90.0,Model A,83 years 11 months,370000.0,52.73025335320417
2017-01,BUKIT PANJANG,4 ROOM,07 TO 09,100.0,Model A,81 years 05 months,380000.0,60.912568306010925
2017-01,BUKIT PANJANG,4 ROOM,22 TO 24,93.0,Premium Apartment,86 years 09 months,408000.0,56.13859910581222
2017-01,BUKIT PANJANG,4 ROOM,07 TO 09,93.0,Premium Apartment,94 years 10 months,410000.0,60.257824143070046
2017-01,BUKIT PANJANG,4 ROOM,13 TO 15,101.0,Model A,79 years 09 months,438000.0,64.0039741679086
2017-01,BUKIT PANJANG,5 ROOM,04 TO 06,122.0,Improved,71 years 01 month,405000.0,66.43020367610532
2017-01,BUKIT PANJANG,5 ROOM,16 TO 18,110.0,Premium Apartment,84 years 10 months,405000.0,60.16939890710383
2017-01,BUKIT PANJANG,5 ROOM,01 TO 03,122.0,Improved,70 years 09 months,415000.0,61.41530054644809
2017-01,BUKIT PANJANG,5 ROOM,01 TO 03,122.0,Improved,80 years 11 months,425000.0,63.56433184302037
2017-01,BUKIT PANJANG,5 ROOM,04 TO 06,121.0,Improved,81 years 05 months,430000.0,63.45802285146547
2017-01,BUKIT PANJANG,5 ROOM,07 TO 09,122.0,Improved,70 years 08 months,442000.0,58.41530054644809
2017-01,BUKIT PANJANG,5 ROOM,10 TO 12,122.0,Improved,70 years 11 months,460000.0,63.41530054644809
2017-01,BUKIT PANJANG,5 ROOM,13 TO 15,111.0,Improved,84 years 04 months,475000.0,62.29061102831595
2017-01,BUKIT PANJANG,5 ROOM,16 TO 18,111.0,Premium Apartment,83 years 09 months,475000.0,62.27570789865872
2017-01,BUKIT PANJANG,5 ROOM,16 TO 18,120.0,Improved,81 years 04 months,506800.0,63.33681073025336
2017-01,BUKIT PANJANG,5 ROOM,07 TO 09,121.0,Improved,80 years 10 months,512000.0,58.443119721808245
2017-01,BUKIT PANJANG,5 ROOM,07 TO 09,121.0,Improved,80 years 10 months,520000.0,58.443119721808245
2017-01,BUKIT PANJANG,5 ROOM,10 TO 12,121.0,Improved,80 years 10 months,540000.0,58.443119721808245
2017-01,BUKIT PANJANG,5 ROOM,04 TO 06,122.0,Improved,79 years 07 months,555000.0,66.54942871336314
2017-01,BUKIT PANJANG,5 ROOM,07 TO 09,110.0,Improved,83 years 11 months,570000.0,60.1544957774466
2017-01,BUKIT PANJANG,5 ROOM,28 TO 30,121.0,Improved,81 years 03 months,620000.0,66.45802285146547
2017-01,BUKIT PANJANG,EXECUTIVE,01 TO 03,130.0,Premium Apartment,83 years 09 months,495000.0,64.57873820168902
2017-01,BUKIT PANJANG,EXECUTIVE,04 TO 06,151.0,Apartment,70 years 01 month,565000.0,64.9304520615996
2017-01,BUKIT PANJANG,EXECUTIVE,01 TO 03,146.0,Maisonette,70 years 05 months,592000.0,69.324391455539
2017-01,BUKIT TIMAH,4 ROOM,07 TO 09,104.0,Model A,70 years 07 months,670000.0,56.23348236462991
2017-01,BUKIT TIMAH,5 ROOM,10 TO 12,120.0,Standard,56 years 03 months,890000.0,60.96423248882266
2017-01,BUKIT TIMAH,EXECUTIVE,01 TO 03,146.0,Maisonette,70 years 06 months,876888.0,59.324391455539
2017-01,CENTRAL AREA,2 ROOM,04 TO 06,55.0,Improved,64 years,250000.0,44.2046696472926
2017-01,CENTRAL AREA,3 ROOM,01 TO 03,84.0,Model A,66 years 05 months,360000.0,58.74962742175857
2017-01,CENTRAL AREA,3 ROOM,16 TO 18,68.0,Improved,68 years 09 months,400000.0,59.84003974167909
2017-01,CENTRAL AREA,3 ROOM,07 TO 09,66.0,Standard,65 years 03 months,428000.0,59.55290611028316
2017-01,CENTRAL AREA,3 ROOM,07 TO 09,59.0,Improved,59 years 01 month,455000.0,53.615002483854944
2017-01,CENTRAL AREA,3 ROOM,16 TO 18,68.0,Improved,61 years 02 months,470000.0,37.735717834078486
2017-01,CENTRAL AREA,3 ROOM,16 TO 18,68.0,Improved,61 years 02 months,470000.0,37.735717834078486
2017-01,CENTRAL AREA,4 ROOM,16 TO 18,82.0,Improved,62 years 04 months,685000.0,61.44759066070541
2017-01,CENTRAL AREA,4 ROOM,04 TO 06,93.0,Type S1,93 years,788000.0,61.24292101341282
2017-01,CENTRAL AREA,4 ROOM,04 TO 06,95.0,Type S1,93 years,818000.0,54.48534525583706
2017-01,CENTRAL AREA,4 ROOM,37 TO 39,95.0,Type S1,93 years,903000.0,54.48534525583706
2017-01,CENTRAL AREA,5 ROOM,49 TO 51,105.0,Type S2,93 years,1108000.0,62.69746646795827
2017-01,CHOA CHU KANG,3 ROOM,10 TO 12,73.0,Model A,71 years 08 months,273000.0,60.49080973671138
2017-01,CHOA CHU KANG,3 ROOM,04 TO 06,73.0,Model A,71 years 08 months,285000.0,60.49080973671138
2017-01,CHOA CHU KANG,3 ROOM,07 TO 09,73.0,Model A,71 years 08 months,293000.0,63.49080973671138
2017-01,CHOA CHU KANG,4 ROOM,04 TO 06,104.0,Premium Apartment,82 years 03 months,316000.0,49.41231992051664
2017-01,CHOA CHU KANG,4 ROOM,01 TO 03,103.0,Model A,71 years 04 months,316000.0,61.12717337307501
2017-01,CHOA CHU KANG,4 ROOM,01 TO 03,104.0,Model A,75 years 05 months,318000.0,55.307998012916045
2017-01,CHOA CHU KANG,4 ROOM,01 TO 03,90.0,Model A,85 years 01 month,325000.0,48.76005961251863
2017-01,CHOA CHU KANG,4 ROOM,04 TO 06,103.0,Model A,71 years 04 months,325000.0,67.12717337307501
2017-01,CHOA CHU KANG,4 ROOM,04 TO 06,104.0,Model A,74 years 06 months,330000.0,54.29309488325882
2017-01,CHOA CHU KANG,4 ROOM,07 TO 09,105.0,Premium Apartment,81 years 09 months,340000.0,50.518628912071534
2017-01,CHOA CHU KANG,4 ROOM,01 TO 03,102.0,Model A,78 years 06 months,343000.0,56.11028315946349
2017-01,CHOA CHU KANG,4 ROOM,01 TO 03,104.0,Model A,71 years 04 months,345000.0,61.248385494287135
2017-01,CHOA CHU KANG,4 ROOM,04 TO 06,110.0,Model A,72 years 08 months,345000.0,64.99056135121708
2017-01,CHOA CHU KANG,4 ROOM,04 TO 06,91.0,Model A2,80 years 01 month,345000.0,59.80675608544461
2017-01,CHOA CHU KANG,4 ROOM,04 TO 06,104.0,Model A,75 years 05 months,350000.0,56.307998012916045
2017-01,CHOA CHU KANG,4 ROOM,01 TO 03,104.0,Model A,75 years 05 months,353000.0,56.307998012916045
2017-01,CHOA CHU KANG,4 ROOM,04 TO 06,104.0,Model A,72 years 03 months,353000.0,61.26328862394436
2017-01,CHOA CHU KANG,4 ROOM,04 TO 06,104.0,Model A,75 years 06 months,358000.0,55.307998012916045
2017-01,CHOA CHU KANG,4 ROOM,10 TO 12,104.0,Model A,74 years 06 months,358000.0,52.29309488325882
2017-01,CHOA CHU KANG,4 ROOM,01 TO 03,107.0,Model A,78 years 03 months,360000.0,59.716343765524094
2017-01,CHOA CHU KANG,4 ROOM,04 TO 06,104.0,Premium Apartment,81 years 04 months,370000.0,56.39741679085941
2017-01,CHOA CHU KANG,4 ROOM,10 TO 12,106.0,Model A,75 years 04 months,375000.0,54.55042225534029
2017-01,CHOA CHU KANG,4 ROOM,01 TO 03,106.0,Model A,78 years 03 months,380000.0,59.59513164431198
2017-01,CHOA CHU KANG,4 ROOM,10 TO 12,123.0,Model A,74 years 06 months,412888.0,58.59612518628912
2017-01,CHOA CHU KANG,4 ROOM,01 TO 03,113.0,Premium Apartment,80 years,420000.0,62.47342275211128
2017-01,CHOA CHU KANG,4 ROOM,10 TO 12,108.0,Model A,75 years 05 months,420000.0,61.792846497764536
2017-01,CHOA CHU KANG,4 ROOM,13 TO 15,123.0,Model A,74 years 06 months,425000.0,58.59612518628912
2017-01,CHOA CHU KANG,4 ROOM,13 TO 15,106.0,Model A,75 years 05 months,443000.0,61.55042225534029
2017-01,CHOA CHU KANG,5 ROOM,04 TO 06,123.0,Premium Apartment,82 years 01 month,380000.0,51.71535022354695
2017-01,CHOA CHU KANG,5 ROOM,07 TO 09,110.0,Improved,84 years 03 months,385000.0,51.16939890710383
2017-01,CHOA CHU KANG,5 ROOM,10 TO 12,110.0,Improved,85 years 01 month,390000.0,51.18430203676105
2017-01,CHOA CHU KANG,5 ROOM,16 TO 18,110.0,Improved,84 years 03 months,400000.0,51.16939890710383
2017-01,CHOA CHU KANG,5 ROOM,04 TO 06,126.0,Improved,77 years 05 months,400000.0,59.00447093889717
2017-01,CHOA CHU KANG,5 ROOM,04 TO 06,124.0,Improved,77 years 07 months,408000.0,57.76204669647292
2017-01,CHOA CHU KANG,5 ROOM,19 TO 21,110.0,Improved,85 years 04 months,418000.0,51.18430203676105
2017-01,CHOA CHU KANG,5 ROOM,13 TO 15,120.0,Improved,81 years 03 months,430000.0,57.33681073025336
2017-01,CHOA CHU KANG,5 ROOM,04 TO 06,123.0,Improved,75 years 05 months,435000.0,66.61102831594636
2017-01,CHOA CHU KANG,5 ROOM,07 TO 09,121.0,Improved,79 years 04 months,500000.0,66.42821659215102
2017-01,CHOA CHU KANG,5 ROOM,10 TO 12,131.0,Model A,78 years 09 months,522000.0,67.62543467461501
2017-01,CHOA CHU KANG,EXECUTIVE,10 TO 12,141.0,Premium Apartment,82 years 01 month,512800.0,56.89716840536512
2017-01,CHOA CHU KANG,EXECUTIVE,07 TO 09,141.0,Premium Apartment,81 years 06 months,520000.0,59.88226527570789
2017-01,CHOA CHU KANG,EXECUTIVE,04 TO 06,147.0,Maisonette,78 years,554000.0,64.56482861400895
2017-01,CHOA CHU KANG,EXECUTIVE,16 TO 18,141.0,Apartment,81 years 05 months,560000.0,54.88226527570789
2017-01,CHOA CHU KANG,EXECUTIVE,13 TO 15,142.0,Apartment,71 years 03 months,575000.0,65.85444610034773
2017-01,CLEMENTI,3 ROOM,04 TO 06,68.0,New Generation,63 years 08 months,263800.0,44.76552409339295
2017-01,CLEMENTI,3 ROOM,04 TO 06,68.0,New Generation,63 years 08 months,270000.0,44.76552409339295
2017-01,CLEMENTI,3 ROOM,04 TO 06,67.0,New Generation,62 years 08 months,280000.0,45.62940884252359
2017-01,CLEMENTI,3 ROOM,04 TO 06,67.0,New Generation,61 years 10 months,290000.0,47.61450571286637
2017-01,CLEMENTI,3 ROOM,04 TO 06,68.0,New Generation,63 years 07 months,326000.0,49.76552409339295
2017-01,CLEMENTI,3 ROOM,10 TO 12,67.0,New Generation,61 years 02 months,335000.0,45.61450571286637
2017-01,CLEMENTI,3 ROOM,01 TO 03,67.0,New Generation,66 years 11 months,345000.0,42.68902136115251
2017-01,CLEMENTI,3 ROOM,07 TO 09,67.0,New Generation,61 years 10 months,348000.0,45.61450571286637
2017-01,CLEMENTI,3 ROOM,10 TO 12,67.0,New Generation,60 years 08 months,355000.0,45.59960258320914
2017-01,CLEMENTI,3 ROOM,10 TO 12,67.0,New Generation,60 years 06 months,365000.0,54.59960258320914
2017-01,CLEMENTI,3 ROOM,13 TO 15,82.0,New Generation,62 years 08 months,368000.0,47.44759066070541
2017-01,CLEMENTI,3 ROOM,10 TO 12,67.0,New Generation,61 years 02 months,370000.0,45.61450571286637
2017-01,CLEMENTI,3 ROOM,04 TO 06,82.0,New Generation,60 years,415000.0,56.41778440139096
2017-01,CLEMENTI,3 ROOM,01 TO 03,82.0,New Generation,63 years 08 months,425000.0,47.46249379036264
2017-01,CLEMENTI,3 ROOM,04 TO 06,82.0,New Generation,62 years 05 months,430000.0,68.4475906607054
2017-01,CLEMENTI,3 ROOM,13 TO 15,70.0,Model A,95 years 08 months,528000.0,46.48484848484848
2017-01,CLEMENTI,4 ROOM,01 TO 03,93.0,New Generation,62 years 07 months,385000.0,47.78092399403874
2017-01,CLEMENTI,4 ROOM,01 TO 03,92.0,New Generation,63 years 08 months,397000.0,47.67461500248386
2017-01,CLEMENTI,4 ROOM,04 TO 06,91.0,New Generation,62 years 06 months,425000.0,45.5384997516145
2017-01,CLEMENTI,4 ROOM,01 TO 03,103.0,Model A,65 years 09 months,440000.0,49.037754595131645
2017-01,CLEMENTI,4 ROOM,10 TO 12,91.0,New Generation,63 years 08 months,461000.0,47.55340288127174
2017-01,CLEMENTI,4 ROOM,01 TO 03,92.0,New Generation,61 years 02 months,488000.0,48.6448087431694
2017-01,CLEMENTI,4 ROOM,10 TO 12,97.0,New Generation,60 years 02 months,548000.0,41.23596621957277
2017-01,CLEMENTI,4 ROOM,04 TO 06,91.0,New Generation,60 years 01 month,552000.0,69.50869349230005
2017-01,CLEMENTI,4 ROOM,10 TO 12,92.0,New Generation,61 years 10 months,575000.0,48.6448087431694
2017-01,CLEMENTI,4 ROOM,07 TO 09,90.0,Model A,88 years 10 months,620000.0,60.80476900149031
2017-01,CLEMENTI,5 ROOM,01 TO 03,118.0,Improved,63 years,560000.0,50.82613015399901
2017-01,CLEMENTI,5 ROOM,07 TO 09,118.0,Improved,63 years,618000.0,50.82613015399901
2017-01,GEYLANG,2 ROOM,07 TO 09,42.0,Standard,53 years,205000.0,46.46497764530551
2017-01,GEYLANG,2 ROOM,10 TO 12,42.0,Standard,53 years,215000.0,51.46497764530551
2017-01,GEYLANG,2 ROOM,10 TO 12,46.0,Standard,55 years 06 months,220000.0,42.979632389468456
2017-01,GEYLANG,3 ROOM,01 TO 03,60.0,Standard,49 years,230000.0,48.58718330849479
2017-01,GEYLANG,3 ROOM,04 TO 06,60.0,Standard,49 years,235000.0,48.58718330849479
2017-01,GEYLANG,3 ROOM,01 TO 03,56.0,Standard,51 years,238000.0,53.13214108296076
2017-01,GEYLANG,3 ROOM,01 TO 03,61.0,Standard,51 years,255000.0,56.738201689021366
2017-01,GEYLANG,3 ROOM,04 TO 06,64.0,Standard,50 years 05 months,256000.0,49.0869349230005
2017-01,GEYLANG,3 ROOM,04 TO 06,59.0,Standard,54 years 11 months,260000.0,48.5404868355688
2017-01,GEYLANG,3 ROOM,01 TO 03,60.0,Standard,49 years,262000.0,44.58718330849479
2017-01,GEYLANG,3 ROOM,01 TO 03,59.0,Standard,49 years,263000.0,48.46597118728266
2017-01,GEYLANG,3 ROOM,01 TO 03,55.0,Standard,51 years,269000.0,51.01092896174863
2017-01,GEYLANG,3 ROOM,07 TO 09,57.0,Standard,55 years 06 months,272000.0,44.31296572280179
2017-01,GEYLANG,3 ROOM,04 TO 06,59.0,Improved,59 years 05 months,275000.0,45.615002483854944
2017-01,GEYLANG,3 ROOM,04 TO 06,61.0,Standard,51 years,280000.0,56.738201689021366
2017-01,GEYLANG,3 ROOM,04 TO 06,64.0,Simplified,82 years 04 months,320000.0,54.56383507203179
2017-01,GEYLANG,3 ROOM,04 TO 06,65.0,Improved,58 years 06 months,328000.0,45.32737208147044
2017-01,GEYLANG,3 ROOM,07 TO 09,56.0,Standard,51 years,330000.0,53.13214108296076
2017-01,GEYLANG,3 ROOM,13 TO 15,72.0,Standard,53 years,338000.0,50.10134128166915
2017-01,GEYLANG,3 ROOM,10 TO 12,65.0,Improved,58 years 06 months,368000.0,54.32737208147044
2017-01,GEYLANG,3 ROOM,10 TO 12,74.0,Model A,65 years 07 months,390000.0,49.52260307998013
2017-01,GEYLANG,3 ROOM,16 TO 18,60.0,Model A,89 years,459888.0,54.1833084947839
2017-01,GEYLANG,4 ROOM,01 TO 03,84.0,Simplified,67 years 07 months,355000.0,51.7645305514158
2017-01,GEYLANG,4 ROOM,01 TO 03,109.0,Model A,72 years 05 months,420000.0,50.86934923000497
2017-01,GEYLANG,4 ROOM,10 TO 12,91.0,New Generation,67 years 02 months,455000.0,55.61301539990065
2017-01,GEYLANG,4 ROOM,07 TO 09,104.0,Model A,72 years 03 months,485000.0,50.26328862394436
2017-01,GEYLANG,4 ROOM,04 TO 06,110.0,Model A,78 years 05 months,512500.0,55.07998012916046
2017-01,GEYLANG,4 ROOM,10 TO 12,91.0,New Generation,64 years 04 months,515000.0,60.56830601092896
2017-01,GEYLANG,4 ROOM,10 TO 12,92.0,New Generation,58 years 07 months,566000.0,50.60009935419773
2017-01,GEYLANG,5 ROOM,01 TO 03,123.0,Improved,68 years 10 months,680000.0,56.50670640834576
2017-01,GEYLANG,5 ROOM,10 TO 12,142.0,Model A-Maisonette,66 years 09 months,770000.0,58.7799304520616
2017-01,GEYLANG,5 ROOM,10 TO 12,120.0,Improved,80 years 05 months,830000.0,56.32190760059613
2017-01,HOUGANG,2 ROOM,10 TO 12,47.0,Model A,94 years 04 months,252000.0,42.68206656731247
2017-01,HOUGANG,3 ROOM,01 TO 03,73.0,New Generation,60 years 04 months,260000.0,46.32687531048187
2017-01,HOUGANG,3 ROOM,01 TO 03,60.0,Improved,69 years,268000.0,45.885245901639344
2017-01,HOUGANG,3 ROOM,01 TO 03,67.0,New Generation,60 years 05 months,269000.0,47.59960258320914
2017-01,HOUGANG,3 ROOM,01 TO 03,67.0,New Generation,66 years 03 months,270000.0,47.68902136115251
2017-01,HOUGANG,3 ROOM,01 TO 03,60.0,Improved,67 years 09 months,275000.0,44.855439642324896
2017-01,HOUGANG,3 ROOM,04 TO 06,69.0,Improved,67 years 06 months,280000.0,46.94634873323398
2017-01,HOUGANG,3 ROOM,04 TO 06,68.0,New Generation,65 years 04 months,285000.0,47.7953303527074
2017-01,HOUGANG,3 ROOM,04 TO 06,64.0,Simplified,68 years 04 months,290000.0,52.35519125683061
2017-01,HOUGANG,3 ROOM,07 TO 09,64.0,Simplified,68 years 09 months,290000.0,50.35519125683061
2017-01,HOUGANG,3 ROOM,04 TO 06,64.0,Simplified,68 years 09 months,292000.0,50.35519125683061
2017-01,HOUGANG,3 ROOM,01 TO 03,67.0,New Generation,65 years,292000.0,47.67411823149528
2017-01,HOUGANG,3 ROOM,07 TO 09,73.0,New Generation,60 years 04 months,305000.0,48.32687531048187
2017-01,HOUGANG,3 ROOM,10 TO 12,67.0,New Generation,65 years 02 months,308000.0,45.67411823149528
2017-01,HOUGANG,3 ROOM,07 TO 09,67.0,New Generation,65 years 09 months,309888.0,45.67411823149528
2017-01,HOUGANG,3 ROOM,04 TO 06,67.0,New Generation,66 years 11 months,316500.0,50.68902136115251
2017-01,HOUGANG,4 ROOM,07 TO 09,98.0,New Generation,67 years 10 months,320000.0,49.4615002483855
2017-01,HOUGANG,4 ROOM,01 TO 03,85.0,Simplified,71 years 07 months,335000.0,50.94535519125683
2017-01,HOUGANG,4 ROOM,01 TO 03,93.0,New Generation,75 years 03 months,338000.0,53.97466467958272
2017-01,HOUGANG,4 ROOM,01 TO 03,91.0,New Generation,67 years 05 months,350000.0,48.61301539990065
2017-01,HOUGANG,4 ROOM,04 TO 06,93.0,New Generation,65 years 01 month,353000.0,48.82563338301043
2017-01,HOUGANG,4 ROOM,10 TO 12,84.0,Simplified,67 years 07 months,357000.0,54.7645305514158
2017-01,HOUGANG,4 ROOM,04 TO 06,91.0,New Generation,67 years 06 months,358000.0,51.61301539990065
2017-01,HOUGANG,4 ROOM,01 TO 03,104.0,Model A,69 years,360000.0,50.21857923497268
2017-01,HOUGANG,4 ROOM,04 TO 06,92.0,Model A2,79 years 10 months,380000.0,45.9130650769995
2017-01,HOUGANG,4 ROOM,04 TO 06,104.0,Model A,65 years 04 months,390000.0,50.15896671634376
2017-01,HOUGANG,4 ROOM,04 TO 06,104.0,Model A,67 years 03 months,390000.0,47.18877297565823
2017-01,HOUGANG,4 ROOM,07 TO 09,105.0,Model A,71 years 06 months,398000.0,52.36959761549925
2017-01,HOUGANG,4 ROOM,10 TO 12,101.0,Model A,80 years,403000.0,51.01887729756582
2017-01,HOUGANG,4 ROOM,07 TO 09,103.0,Model A,73 years 04 months,418000.0,50.156979632389465
2017-01,HOUGANG,4 ROOM,07 TO 09,100.0,Model A,80 years 10 months,420000.0,54.8976651763537
2017-01,HOUGANG,4 ROOM,13 TO 15,96.0,New Generation,66 years 09 months,420000.0,54.20417287630403
2017-01,HOUGANG,4 ROOM,04 TO 06,105.0,Model A,72 years 03 months,430000.0,54.38450074515649
2017-01,HOUGANG,4 ROOM,10 TO 12,104.0,Model A,68 years,430000.0,50.20367610531545
2017-01,HOUGANG,4 ROOM,07 TO 09,91.0,New Generation,68 years,431000.0,57.627918529557874
2017-01,HOUGANG,4 ROOM,13 TO 15,113.0,Model A,72 years 04 months,433000.0,55.354197714853456
2017-01,HOUGANG,4 ROOM,10 TO 12,108.0,Model A,66 years 11 months,438000.0,52.65871833084948
2017-01,HOUGANG,4 ROOM,10 TO 12,103.0,Model A,74 years 08 months,442500.0,59.17188276204669
2017-01,HOUGANG,4 ROOM,04 TO 06,105.0,Model A,74 years 09 months,457000.0,56.414307004470935
2017-01,HOUGANG,4 ROOM,13 TO 15,104.0,Model A,74 years 08 months,510000.0,61.29309488325882
2017-01,HOUGANG,5 ROOM,01 TO 03,120.0,Improved,80 years 02 months,402800.0,49.32190760059613
2017-01,HOUGANG,5 ROOM,07 TO 09,121.0,Improved,79 years 10 months,420000.0,55.42821659215102
2017-01,HOUGANG,5 ROOM,04 TO 06,116.0,Improved,81 years 10 months,420000.0,48.85196224540487
2017-01,HOUGANG,5 ROOM,01 TO 03,120.0,Improved,80 years 01 month,420000.0,58.32190760059613
2017-01,HOUGANG,5 ROOM,07 TO 09,110.0,Improved,86 years 05 months,425000.0,56.19920516641828
2017-01,HOUGANG,5 ROOM,16 TO 18,110.0,Improved,85 years 06 months,450000.0,48.18430203676105
2017-01,HOUGANG,5 ROOM,10 TO 12,118.0,Improved,79 years 01 month,450000.0,57.06458022851466
2017-01,HOUGANG,5 ROOM,07 TO 09,121.0,Improved,80 years 01 month,450000.0,49.443119721808245
2017-01,HOUGANG,5 ROOM,13 TO 15,122.0,Improved,80 years 01 month,455000.0,49.56433184302037
2017-01,HOUGANG,5 ROOM,10 TO 12,117.0,Improved,79 years 05 months,459888.0,56.94336810730253
2017-01,HOUGANG,5 ROOM,16 TO 18,120.0,Improved,80 years 07 months,465000.0,49.32190760059613
2017-01,HOUGANG,5 ROOM,04 TO 06,120.0,Improved,79 years 10 months,470000.0,55.3070044709389
2017-01,HOUGANG,5 ROOM,10 TO 12,122.0,Improved,68 years 07 months,480000.0,55.38549428713364
2017-01,HOUGANG,5 ROOM,10 TO 12,115.0,Improved,81 years 04 months,481000.0,48.73075012419275
2017-01,HOUGANG,5 ROOM,10 TO 12,120.0,Improved,80 years 06 months,485000.0,49.32190760059613
2017-01,HOUGANG,5 ROOM,07 TO 09,128.0,Improved,74 years 09 months,495000.0,53.20218579234973
2017-01,HOUGANG,5 ROOM,07 TO 09,120.0,Improved,80 years,520000.0,49.32190760059613
2017-01,HOUGANG,5 ROOM,01 TO 03,140.0,Model A-Maisonette,66 years 11 months,585000.0,51.53750620963736
2017-01,HOUGANG,5 ROOM,07 TO 09,124.0,Improved,74 years 08 months,605000.0,54.71733730750124
2017-01,HOUGANG,5 ROOM,16 TO 18,123.0,Improved,81 years 10 months,633000.0,52.70044709388972
2017-01,HOUGANG,5 ROOM,13 TO 15,124.0,Improved,74 years 08 months,675000.0,66.71733730750124
2017-01,HOUGANG,EXECUTIVE,01 TO 03,141.0,Apartment,80 years 01 month,575000.0,60.86736214605067
2017-01,HOUGANG,EXECUTIVE,01 TO 03,150.0,Maisonette,74 years 11 months,605000.0,57.86885245901639
2017-01,HOUGANG,EXECUTIVE,04 TO 06,148.0,Maisonette,68 years 07 months,608888.0,56.53700943864878
2017-01,HOUGANG,EXECUTIVE,01 TO 03,156.0,Maisonette,68 years 08 months,650000.0,65.50670640834575
2017-01,HOUGANG,EXECUTIVE,10 TO 12,157.0,Maisonette,68 years 05 months,692000.0,56.627918529557874
2017-01,JURONG EAST,3 ROOM,13 TO 15,72.0,Improved,61 years 05 months,250000.0,43.22056631892697
2017-01,JURONG EAST,3 ROOM,04 TO 06,67.0,Improved,48 years 09 months,250000.0,42.4207650273224
2017-01,JURONG EAST,3 ROOM,01 TO 03,68.0,New Generation,65 years 05 months,257500.0,45.7953303527074
2017-01,JURONG EAST,3 ROOM,04 TO 06,67.0,New Generation,68 years 05 months,260000.0,45.71882762046697
2017-01,JURONG EAST,3 ROOM,04 TO 06,67.0,New Generation,63 years 05 months,265000.0,45.64431197218083
2017-01,JURONG EAST,3 ROOM,04 TO 06,72.0,Improved,61 years 04 months,270000.0,43.22056631892697
2017-01,JURONG EAST,3 ROOM,07 TO 09,74.0,Model A,65 years 06 months,290000.0,53.52260307998013
2017-01,JURONG EAST,3 ROOM,04 TO 06,68.0,New Generation,65 years 03 months,290000.0,45.7953303527074
2017-01,JURONG EAST,3 ROOM,10 TO 12,72.0,Improved,61 years 04 months,295000.0,43.22056631892697
2017-01,JURONG EAST,3 ROOM,04 TO 06,71.0,New Generation,67 years 05 months,300000.0,50.18877297565823
2017-01,JURONG EAST,3 ROOM,04 TO 06,67.0,New Generation,65 years 03 months,302000.0,47.67411823149528
2017-01,JURONG EAST,3 ROOM,04 TO 06,67.0,New Generation,67 years 05 months,308888.0,49.70392449080974
2017-01,JURONG EAST,3 ROOM,04 TO 06,67.0,New Generation,63 years 04 months,313000.0,49.64431197218083
2017-01,JURONG EAST,3 ROOM,01 TO 03,68.0,New Generation,65 years 02 months,330000.0,47.7953303527074
2017-01,JURONG EAST,3 ROOM,04 TO 06,67.0,New Generation,65 years 03 months,330000.0,45.67411823149528
2017-01,JURONG EAST,3 ROOM,13 TO 15,74.0,Model A,65 years 05 months,336000.0,53.52260307998013
2017-01,JURONG EAST,4 ROOM,07 TO 09,91.0,Model A,85 years 06 months,362000.0,45.88127173373076
2017-01,JURONG EAST,4 ROOM,01 TO 03,104.0,Model A,66 years 04 months,390000.0,53.173869846001
2017-01,JURONG EAST,4 ROOM,04 TO 06,90.0,New Generation,63 years 05 months,395000.0,52.43219076005961
2017-01,JURONG EAST,4 ROOM,01 TO 03,90.0,Model A2,80 years 10 months,398000.0,50.68554396423249
2017-01,JURONG EAST,4 ROOM,10 TO 12,105.0,Model A,67 years 01 month,420000.0,53.30998509687035
2017-01,JURONG EAST,4 ROOM,07 TO 09,104.0,Model A,65 years 05 months,426000.0,57.15896671634376
2017-01,JURONG EAST,4 ROOM,13 TO 15,104.0,Model A,66 years 07 months,450000.0,53.173869846001
2017-01,JURONG EAST,4 ROOM,19 TO 21,92.0,Model A,95 years 09 months,450000.0,46.15151515151516
2017-01,JURONG EAST,4 ROOM,04 TO 06,101.0,Model A,80 years 09 months,470000.0,50.01887729756582
2017-01,JURONG EAST,4 ROOM,25 TO 27,92.0,Model A,95 years 08 months,475000.0,46.15151515151516
2017-01,JURONG EAST,4 ROOM,04 TO 06,100.0,Model A,81 years 03 months,490000.0,49.912568306010925
2017-01,JURONG EAST,4 ROOM,13 TO 15,102.0,Model A,81 years 01 month,507000.0,50.154992548435175
2017-01,JURONG EAST,4 ROOM,10 TO 12,100.0,Model A,82 years 02 months,520000.0,49.92747143566815
2017-01,JURONG EAST,4 ROOM,04 TO 06,101.0,Model A,80 years 09 months,470000.0,50.01887729756582
2017-01,JURONG EAST,5 ROOM,10 TO 12,131.0,Model A,66 years 10 months,450000.0,53.44659711872826
2017-01,JURONG EAST,5 ROOM,16 TO 18,117.0,Standard,61 years 09 months,518888.0,48.67511177347242
2017-01,JURONG EAST,5 ROOM,04 TO 06,120.0,Improved,63 years 08 months,525000.0,52.06855439642325
2017-01,JURONG EAST,5 ROOM,10 TO 12,134.0,Model A,66 years 06 months,538000.0,57.81023348236463
2017-01,JURONG EAST,5 ROOM,16 TO 18,120.0,Improved,66 years 05 months,625000.0,56.113263785394935
2017-01,JURONG EAST,EXECUTIVE,01 TO 03,144.0,Apartment,68 years 06 months,500000.0,52.052160953800296
2017-01,JURONG WEST,2 ROOM,01 TO 03,56.0,Premium Apartment,90 years 07 months,240000.0,48.71336313959265
2017-01,JURONG WEST,2 ROOM,07 TO 09,52.0,Premium Apartment,90 years 07 months,258000.0,48.22851465474417
2017-01,JURONG WEST,3 ROOM,19 TO 21,59.0,Improved,57 years 09 months,240000.0,46.58519622454048
2017-01,JURONG WEST,3 ROOM,01 TO 03,67.0,Improved,54 years,240000.0,48.51018380526577
2017-01,JURONG WEST,3 ROOM,04 TO 06,59.0,Improved,60 years 06 months,245000.0,46.62990561351217
2017-01,JURONG WEST,3 ROOM,07 TO 09,67.0,Improved,53 years 05 months,245000.0,53.49528067560854
2017-01,JURONG WEST,3 ROOM,10 TO 12,59.0,Improved,60 years 06 months,251000.0,43.62990561351217
2017-01,JURONG WEST,3 ROOM,10 TO 12,67.0,Improved,54 years,265000.0,48.51018380526577
2017-01,JURONG WEST,3 ROOM,04 TO 06,73.0,Model A,70 years 06 months,268000.0,43.47590660705415
2017-01,JURONG WEST,3 ROOM,07 TO 09,64.0,Simplified,67 years 05 months,269000.0,48.34028812717338
2017-01,JURONG WEST,3 ROOM,07 TO 09,73.0,Model A,71 years 04 months,275000.0,43.49080973671138
2017-01,JURONG WEST,3 ROOM,04 TO 06,73.0,Model A,70 years 06 months,275000.0,43.47590660705415
2017-01,JURONG WEST,3 ROOM,04 TO 06,73.0,Model A,71 years,275000.0,46.49080973671138
2017-01,JURONG WEST,3 ROOM,19 TO 21,65.0,Improved,58 years 10 months,279000.0,50.32737208147044
2017-01,JURONG WEST,3 ROOM,10 TO 12,73.0,Model A,70 years 07 months,280000.0,43.47590660705415
2017-01,JURONG WEST,3 ROOM,01 TO 03,74.0,Model A,65 years 06 months,290000.0,55.52260307998013
2017-01,JURONG WEST,4 ROOM,19 TO 21,92.0,Model A,92 years 03 months,470000.0,51.10680576254347
2017-01,JURONG WEST,3 ROOM,07 TO 09,67.0,New Generation,65 years 07 months,295000.0,47.67411823149528
2017-01,JURONG WEST,3 ROOM,07 TO 09,67.0,New Generation,65 years 07 months,305000.0,47.67411823149528
2017-01,JURONG WEST,3 ROOM,07 TO 09,74.0,Model A,66 years 10 months,310000.0,50.53750620963736
2017-01,JURONG WEST,3 ROOM,01 TO 03,79.0,Model A,66 years 02 months,315000.0,51.143566815697966
2017-01,JURONG WEST,3 ROOM,04 TO 06,74.0,Model A,66 years 04 months,320000.0,50.53750620963736
2017-01,JURONG WEST,3 ROOM,07 TO 09,82.0,New Generation,64 years 03 months,355000.0,47.47739692001987
2017-01,JURONG WEST,4 ROOM,04 TO 06,104.0,Model A,72 years 02 months,310000.0,52.26328862394436
2017-01,JURONG WEST,4 ROOM,07 TO 09,96.0,Model A,83 years 04 months,330000.0,55.457526080476896
2017-01,JURONG WEST,4 ROOM,01 TO 03,108.0,Model A,78 years 07 months,338000.0,52.83755588673621
2017-01,JURONG WEST,4 ROOM,13 TO 15,85.0,Model A2,84 years 01 month,340000.0,45.1390958768008
2017-01,JURONG WEST,4 ROOM,01 TO 03,107.0,Model A,77 years 05 months,340000.0,52.70144063586686
2017-01,JURONG WEST,4 ROOM,07 TO 09,106.0,Model A,78 years 08 months,342500.0,52.59513164431198
2017-01,JURONG WEST,4 ROOM,04 TO 06,111.0,Model A,72 years 10 months,343000.0,56.111773472429206
2017-01,JURONG WEST,4 ROOM,13 TO 15,90.0,Model A,83 years 11 months,345000.0,45.73025335320417
2017-01,JURONG WEST,4 ROOM,07 TO 09,103.0,Model A,71 years 03 months,345000.0,47.12717337307501
2017-01,JURONG WEST,4 ROOM,04 TO 06,108.0,Model A,78 years 03 months,346500.0,47.83755588673621
2017-01,JURONG WEST,4 ROOM,10 TO 12,104.0,Model A,71 years 11 months,348000.0,55.248385494287135
2017-01,JURONG WEST,4 ROOM,04 TO 06,107.0,Model A,76 years,350000.0,52.67163437655241
2017-01,JURONG WEST,4 ROOM,07 TO 09,108.0,Model A,78 years 02 months,350000.0,47.83755588673621
2017-01,JURONG WEST,4 ROOM,07 TO 09,105.0,Model A,71 years 05 months,350000.0,47.36959761549925
2017-01,JURONG WEST,4 ROOM,04 TO 06,104.0,Model A,72 years 07 months,352000.0,51.26328862394436
2017-01,JURONG WEST,4 ROOM,10 TO 12,106.0,Model A,75 years 05 months,355000.0,52.55042225534029
2017-01,JURONG WEST,4 ROOM,01 TO 03,107.0,Model A,78 years 08 months,355000.0,52.716343765524094
2017-01,JURONG WEST,4 ROOM,04 TO 06,103.0,Model A,67 years 02 months,360000.0,47.0675608544461
2017-01,JURONG WEST,4 ROOM,04 TO 06,103.0,Model A,71 years 04 months,360000.0,50.12717337307501
2017-01,JURONG WEST,4 ROOM,04 TO 06,109.0,Model A,76 years,362000.0,52.914058618976654
2017-01,JURONG WEST,4 ROOM,04 TO 06,96.0,Model A,83 years 03 months,365000.0,55.457526080476896
2017-01,JURONG WEST,4 ROOM,10 TO 12,110.0,Model A,78 years 08 months,368000.0,50.07998012916046
2017-01,JURONG WEST,4 ROOM,07 TO 09,106.0,Model A,66 years 07 months,368888.0,47.41629408842524
2017-01,JURONG WEST,4 ROOM,07 TO 09,106.0,Model A,67 years,375000.0,50.43119721808248
2017-01,JURONG WEST,4 ROOM,10 TO 12,104.0,Model A,72 years 10 months,378000.0,55.26328862394436
2017-01,JURONG WEST,4 ROOM,01 TO 03,113.0,Model A,77 years 05 months,380000.0,53.42871336313959
2017-01,JURONG WEST,4 ROOM,04 TO 06,103.0,Model A,67 years 05 months,380000.0,50.0675608544461
2017-01,JURONG WEST,4 ROOM,10 TO 12,104.0,Model A,72 years 11 months,382000.0,55.26328862394436
2017-01,JURONG WEST,4 ROOM,10 TO 12,103.0,Model A,66 years 11 months,388000.0,50.05265772478887
2017-01,JURONG WEST,4 ROOM,04 TO 06,104.0,Model A,67 years 01 month,392000.0,50.18877297565823
2017-01,JURONG WEST,4 ROOM,04 TO 06,91.0,Model A,83 years 03 months,398000.0,69.8514654744163
2017-01,JURONG WEST,4 ROOM,01 TO 03,94.0,Premium Apartment,90 years 08 months,400000.0,58.31942374565325
2017-01,JURONG WEST,4 ROOM,10 TO 12,91.0,Model A,84 years 11 months,410000.0,48.86636860407353
2017-01,JURONG WEST,4 ROOM,16 TO 18,103.0,Model A,79 years 07 months,413000.0,50.24639841033284
2017-01,JURONG WEST,4 ROOM,07 TO 09,85.0,Model A2,84 years 09 months,415000.0,57.1390958768008
2017-01,JURONG WEST,4 ROOM,07 TO 09,95.0,Premium Apartment,82 years 08 months,418000.0,51.32141082960755
2017-01,JURONG WEST,4 ROOM,07 TO 09,91.0,Model A,82 years 11 months,420000.0,60.836562344759066
2017-01,JURONG WEST,4 ROOM,13 TO 15,91.0,Model A,84 years 03 months,422000.0,55.86636860407353
2017-01,JURONG WEST,4 ROOM,07 TO 09,112.0,Model A,77 years 05 months,423000.0,53.30750124192747
2017-01,JURONG WEST,4 ROOM,13 TO 15,100.0,Model A,80 years 06 months,428000.0,66.89766517635371
2017-01,JURONG WEST,4 ROOM,13 TO 15,85.0,Model A2,84 years 09 months,428000.0,57.1390958768008
2017-01,JURONG WEST,4 ROOM,07 TO 09,91.0,Model A,82 years 06 months,429000.0,57.836562344759066
2017-01,JURONG WEST,4 ROOM,10 TO 12,91.0,Model A,83 years 03 months,432000.0,66.8514654744163
2017-01,JURONG WEST,4 ROOM,07 TO 09,90.0,Model A2,82 years 06 months,433000.0,57.71535022354694
2017-01,JURONG WEST,4 ROOM,10 TO 12,91.0,Model A,82 years 07 months,433800.0,59.836562344759066
2017-01,JURONG WEST,4 ROOM,07 TO 09,95.0,Premium Apartment,83 years 01 month,435000.0,62.33631395926478
2017-01,JURONG WEST,4 ROOM,10 TO 12,91.0,Model A,82 years 06 months,435000.0,57.836562344759066
2017-01,JURONG WEST,4 ROOM,07 TO 09,91.0,Model A,82 years 06 months,438000.0,61.836562344759066
2017-01,JURONG WEST,4 ROOM,10 TO 12,102.0,Model A,66 years 08 months,440000.0,49.93144560357675
2017-01,JURONG WEST,4 ROOM,10 TO 12,96.0,Premium Apartment,82 years 06 months,445000.0,49.44262295081967
2017-01,JURONG WEST,4 ROOM,16 TO 18,93.0,Premium Apartment,88 years 04 months,446000.0,58.168405365126674
2017-01,JURONG WEST,4 ROOM,19 TO 21,92.0,Model A,92 years 03 months,470000.0,51.10680576254347
2017-01,JURONG WEST,5 ROOM,07 TO 09,122.0,Improved,70 years 09 months,350000.0,49.41530054644809
2017-01,JURONG WEST,5 ROOM,04 TO 06,112.0,Premium Apartment,85 years 10 months,362000.0,48.4267262791853
2017-01,JURONG WEST,5 ROOM,04 TO 06,129.0,Improved,70 years 07 months,400000.0,50.26378539493294
2017-01,JURONG WEST,5 ROOM,13 TO 15,111.0,Improved,83 years 11 months,410000.0,48.27570789865872
2017-01,JURONG WEST,5 ROOM,04 TO 06,112.0,Premium Apartment,85 years 10 months,410000.0,48.4267262791853
2017-01,JURONG WEST,5 ROOM,07 TO 09,121.0,Improved,72 years 02 months,415000.0,51.32389468455042
2017-01,JURONG WEST,5 ROOM,10 TO 12,126.0,Improved,75 years 05 months,428000.0,54.97466467958272
2017-01,JURONG WEST,5 ROOM,01 TO 03,128.0,Improved,75 years 05 months,428000.0,55.21708892200696
2017-01,JURONG WEST,5 ROOM,07 TO 09,111.0,Improved,84 years 11 months,435000.0,51.29061102831595
2017-01,JURONG WEST,5 ROOM,04 TO 06,110.0,Premium Apartment,90 years 05 months,436888.0,51.25881768504719
2017-01,JURONG WEST,5 ROOM,13 TO 15,121.0,Standard,58 years 10 months,458000.0,54.11525086934923
2017-01,JURONG WEST,5 ROOM,07 TO 09,133.0,Model A,66 years 07 months,460000.0,50.68902136115251
2017-01,JURONG WEST,5 ROOM,04 TO 06,110.0,Premium Apartment,90 years 07 months,460000.0,60.25881768504719
2017-01,JURONG WEST,5 ROOM,10 TO 12,110.0,Premium Apartment,90 years 06 months,466000.0,51.25881768504719
2017-01,JURONG WEST,5 ROOM,04 TO 06,115.0,Premium Apartment,83 years 03 months,470000.0,69.76055638350721
2017-01,JURONG WEST,5 ROOM,01 TO 03,110.0,Improved,83 years 05 months,470000.0,58.1544957774466
2017-01,JURONG WEST,5 ROOM,13 TO 15,139.0,Model A,75 years 05 months,478888.0,56.55042225534029
2017-01,JURONG WEST,5 ROOM,07 TO 09,111.0,Improved,84 years 02 months,480000.0,58.29061102831595
2017-01,JURONG WEST,5 ROOM,07 TO 09,116.0,Improved,83 years 04 months,480000.0,57.881768504719325
2017-01,JURONG WEST,5 ROOM,10 TO 12,110.0,Improved,84 years 10 months,500000.0,63.16939890710383
2017-01,JURONG WEST,5 ROOM,10 TO 12,115.0,Premium Apartment,83 years 03 months,500000.0,62.7605563835072
2017-01,JURONG WEST,5 ROOM,16 TO 18,110.0,Improved,83 years 05 months,504000.0,54.1544957774466
2017-01,JURONG WEST,5 ROOM,07 TO 09,113.0,Premium Apartment,83 years 01 month,505000.0,64.51813214108296
2017-01,JURONG WEST,5 ROOM,16 TO 18,111.0,Premium Apartment,82 years 09 months,550000.0,53.26080476900149
2017-01,JURONG WEST,5 ROOM,10 TO 12,115.0,Improved,82 years 05 months,615000.0,60.74565325384998
2017-01,JURONG WEST,EXECUTIVE,04 TO 06,126.0,Apartment,83 years 11 months,438000.0,50.093889716840536
2017-01,JURONG WEST,EXECUTIVE,10 TO 12,141.0,Apartment,71 years 01 month,462000.0,51.73323397913562
2017-01,JURONG WEST,EXECUTIVE,04 TO 06,146.0,Maisonette,73 years,546000.0,60.36910084451068
2017-01,JURONG WEST,EXECUTIVE,07 TO 09,125.0,Apartment,84 years 06 months,560000.0,52.987580725285646
2017-01,JURONG WEST,EXECUTIVE,04 TO 06,150.0,Maisonette,67 years 06 months,568000.0,52.7645305514158
2017-01,JURONG WEST,EXECUTIVE,01 TO 03,132.0,Premium Apartment,82 years 07 months,580000.0,53.80625931445604
2017-01,JURONG WEST,EXECUTIVE,10 TO 12,130.0,Apartment,83 years 07 months,595000.0,61.57873820168902
2017-01,JURONG WEST,EXECUTIVE,10 TO 12,133.0,Premium Apartment,83 years 04 months,600000.0,64.9423745653254
2017-01,JURONG WEST,EXECUTIVE,10 TO 12,130.0,Apartment,82 years 03 months,620000.0,64.5638350720318
2017-01,JURONG WEST,EXECUTIVE,07 TO 09,132.0,Premium Apartment,82 years 09 months,624000.0,59.80625931445604
2017-01,JURONG WEST,EXECUTIVE,13 TO 15,130.0,Apartment,82 years 03 months,645000.0,64.5638350720318
2017-01,JURONG WEST,EXECUTIVE,10 TO 12,130.0,Apartment,82 years 03 months,652000.0,64.5638350720318
2017-01,KALLANG/WHAMPOA,2 ROOM,07 TO 09,48.0,Standard,52 years 05 months,276000.0,47.177347242921016
2017-01,KALLANG/WHAMPOA,3 ROOM,07 TO 09,56.0,Standard,52 years 05 months,225000.0,44.14704421261799
2017-01,KALLANG/WHAMPOA,3 ROOM,04 TO 06,65.0,Improved,55 years 06 months,276000.0,42.28266269249876
2017-01,KALLANG/WHAMPOA,3 ROOM,13 TO 15,59.0,Improved,58 years 04 months,286000.0,48.60009935419773
2017-01,KALLANG/WHAMPOA,3 ROOM,04 TO 06,65.0,Improved,56 years 08 months,292000.0,49.29756582215599
2017-01,KALLANG/WHAMPOA,3 ROOM,07 TO 09,59.0,Improved,58 years 04 months,320000.0,48.60009935419773
2017-01,KALLANG/WHAMPOA,3 ROOM,01 TO 03,68.0,New Generation,61 years 05 months,330000.0,53.735717834078486
2017-01,KALLANG/WHAMPOA,3 ROOM,16 TO 18,65.0,Improved,56 years 06 months,333000.0,49.29756582215599
2017-01,KALLANG/WHAMPOA,3 ROOM,10 TO 12,68.0,Improved,54 years,335000.0,54.63139592647789
2017-01,KALLANG/WHAMPOA,3 ROOM,04 TO 06,60.0,Standard,51 years,338181.0,44.61698956780924
2017-01,KALLANG/WHAMPOA,3 ROOM,16 TO 18,75.0,Improved,63 years 05 months,340000.0,46.6140089418778
2017-01,KALLANG/WHAMPOA,3 ROOM,10 TO 12,65.0,Improved,56 years,342000.0,49.29756582215599
2017-01,KALLANG/WHAMPOA,3 ROOM,04 TO 06,68.0,New Generation,61 years,360001.0,54.735717834078486
2017-01,KALLANG/WHAMPOA,3 ROOM,07 TO 09,63.0,Simplified,68 years 01 month,370000.0,61.23397913561848
2017-01,KALLANG/WHAMPOA,3 ROOM,07 TO 09,68.0,New Generation,64 years 10 months,372000.0,53.78042722305017
2017-01,KALLANG/WHAMPOA,3 ROOM,07 TO 09,68.0,New Generation,61 years 05 months,378000.0,53.735717834078486
2017-01,KALLANG/WHAMPOA,3 ROOM,10 TO 12,76.0,Improved,57 years 01 month,380000.0,50.645802285146544
2017-01,KALLANG/WHAMPOA,3 ROOM,13 TO 15,68.0,Improved,61 years 06 months,395000.0,54.735717834078486
2017-01,KALLANG/WHAMPOA,3 ROOM,01 TO 03,74.0,Model A,65 years 04 months,406000.0,58.52260307998013
2017-01,KALLANG/WHAMPOA,3 ROOM,04 TO 06,74.0,Model A,66 years 11 months,410000.0,58.53750620963736
2017-01,KALLANG/WHAMPOA,3 ROOM,07 TO 09,62.0,Model A,86 years 05 months,425000.0,63.38102334823646
2017-01,KALLANG/WHAMPOA,3 ROOM,10 TO 12,67.0,Model A,94 years 04 months,495000.0,50.1063089915549
2017-01,KALLANG/WHAMPOA,4 ROOM,07 TO 09,91.0,Improved,56 years,405000.0,48.44908097367114
2017-01,KALLANG/WHAMPOA,4 ROOM,04 TO 06,83.0,Simplified,69 years 03 months,430000.0,54.67312468951813
2017-01,KALLANG/WHAMPOA,4 ROOM,01 TO 03,85.0,Model A,86 years 06 months,460000.0,48.16890213611525
2017-01,KALLANG/WHAMPOA,4 ROOM,07 TO 09,89.0,Model A,94 years 04 months,610000.0,48.77297565822156
2017-01,KALLANG/WHAMPOA,4 ROOM,07 TO 09,90.0,Model A,88 years 07 months,636000.0,52.80476900149031
2017-01,KALLANG/WHAMPOA,4 ROOM,16 TO 18,89.0,Model A,94 years 04 months,686000.0,48.77297565822156
2017-01,KALLANG/WHAMPOA,4 ROOM,28 TO 30,95.0,Model A,86 years 10 months,688000.0,56.38102334823646
2017-01,KALLANG/WHAMPOA,5 ROOM,07 TO 09,118.0,Improved,67 years,599000.0,51.87083954297069
2017-01,KALLANG/WHAMPOA,5 ROOM,19 TO 21,114.0,Standard,58 years 06 months,628000.0,59.26676602086439
2017-01,KALLANG/WHAMPOA,5 ROOM,19 TO 21,117.0,Standard,56 years 06 months,628000.0,55.600596125186286
2017-01,KALLANG/WHAMPOA,5 ROOM,04 TO 06,122.0,Improved,80 years 11 months,680000.0,56.56433184302037
2017-01,KALLANG/WHAMPOA,5 ROOM,13 TO 15,110.0,Improved,86 years 10 months,730000.0,58.19920516641828
2017-01,KALLANG/WHAMPOA,5 ROOM,04 TO 06,115.0,DBSS,93 years 11 months,858000.0,62.90958768007948
2017-01,KALLANG/WHAMPOA,5 ROOM,25 TO 27,119.0,DBSS,93 years,1005000.0,63.39443616492797
2017-01,KALLANG/WHAMPOA,EXECUTIVE,04 TO 06,150.0,Maisonette,66 years 07 months,800000.0,55.74962742175857
2017-01,MARINE PARADE,3 ROOM,01 TO 03,65.0,Improved,58 years 02 months,360000.0,37.32737208147044
2017-01,MARINE PARADE,3 ROOM,10 TO 12,76.0,Improved,57 years 04 months,420000.0,38.645802285146544
2017-01,MARINE PARADE,4 ROOM,10 TO 12,88.0,Improved,57 years,538000.0,45.100347739692
2017-01,MARINE PARADE,4 ROOM,07 TO 09,87.0,Improved,58 years,580000.0,39.99403874813712
2017-01,PASIR RIS,3 ROOM,04 TO 06,66.0,Improved,63 years 06 months,286000.0,42.52309985096871
2017-01,PASIR RIS,4 ROOM,01 TO 03,105.0,Model A,78 years 10 months,368000.0,47.47391952309985
2017-01,PASIR RIS,4 ROOM,01 TO 03,105.0,Model A,78 years 10 months,368000.0,47.47391952309985
2017-01,PASIR RIS,4 ROOM,01 TO 03,104.0,Model A,78 years 08 months,377000.0,47.35270740188773
2017-01,PASIR RIS,4 ROOM,04 TO 06,103.0,Model A,72 years 08 months,380000.0,53.14207650273224
2017-01,PASIR RIS,4 ROOM,10 TO 12,104.0,Model A,77 years 08 months,385000.0,52.3378042722305
2017-01,PASIR RIS,4 ROOM,04 TO 06,104.0,Model A,78 years 08 months,385000.0,47.35270740188773
2017-01,PASIR RIS,4 ROOM,01 TO 03,103.0,Model A,71 years 06 months,388000.0,55.12717337307501
2017-01,PASIR RIS,4 ROOM,04 TO 06,105.0,Model A,71 years 03 months,390000.0,50.36959761549925
2017-01,PASIR RIS,4 ROOM,10 TO 12,104.0,Model A,78 years 07 months,398000.0,47.35270740188773
2017-01,PASIR RIS,4 ROOM,04 TO 06,103.0,Model A,71 years 11 months,400000.0,55.12717337307501
2017-01,PASIR RIS,4 ROOM,10 TO 12,103.0,Model A,71 years 03 months,405000.0,50.12717337307501
2017-01,PASIR RIS,4 ROOM,07 TO 09,113.0,Model A,71 years 02 months,406000.0,48.33929458519622
2017-01,PASIR RIS,4 ROOM,04 TO 06,108.0,Model A,75 years 07 months,406000.0,52.79284649776453
2017-01,PASIR RIS,4 ROOM,07 TO 09,104.0,Model A,74 years 11 months,410000.0,47.29309488325882
2017-01,PASIR RIS,4 ROOM,07 TO 09,106.0,Model A,75 years 07 months,420000.0,50.55042225534029
2017-01,PASIR RIS,4 ROOM,07 TO 09,108.0,Model A,77 years 09 months,420000.0,56.82265275707898
2017-01,PASIR RIS,4 ROOM,13 TO 15,111.0,Model A,78 years,430000.0,48.20119225037258
2017-01,PASIR RIS,4 ROOM,07 TO 09,105.0,Model A,71 years 11 months,432000.0,53.36959761549925
2017-01,PASIR RIS,4 ROOM,13 TO 15,108.0,Model A,75 years 11 months,450000.0,54.79284649776453
2017-01,PASIR RIS,5 ROOM,01 TO 03,124.0,Improved,75 years 08 months,430000.0,58.73224043715848
2017-01,PASIR RIS,5 ROOM,04 TO 06,123.0,Improved,74 years 11 months,440000.0,54.59612518628912
2017-01,PASIR RIS,5 ROOM,04 TO 06,120.0,Improved,72 years 08 months,445000.0,55.2026825633383
2017-01,PASIR RIS,5 ROOM,04 TO 06,126.0,Improved,75 years 06 months,450000.0,49.97466467958272
2017-01,PASIR RIS,5 ROOM,04 TO 06,126.0,Improved,78 years 06 months,465000.0,50.0193740685544
2017-01,PASIR RIS,5 ROOM,04 TO 06,127.0,Improved,78 years 10 months,473000.0,50.14058618976652
2017-01,PASIR RIS,5 ROOM,04 TO 06,127.0,Improved,75 years 11 months,482000.0,57.095876800794834
2017-01,PASIR RIS,5 ROOM,04 TO 06,125.0,Improved,75 years 11 months,485000.0,54.85345255837059
2017-01,PASIR RIS,5 ROOM,10 TO 12,121.0,Improved,77 years 04 months,488000.0,54.39841033283656
2017-01,PASIR RIS,5 ROOM,10 TO 12,123.0,Improved,75 years 08 months,490000.0,56.61102831594636
2017-01,PASIR RIS,5 ROOM,07 TO 09,121.0,Improved,74 years 11 months,501000.0,52.35370094386487
2017-01,PASIR RIS,5 ROOM,07 TO 09,128.0,Improved,75 years 11 months,521000.0,55.21708892200696
2017-01,PASIR RIS,5 ROOM,10 TO 12,131.0,Improved,71 years 05 months,545000.0,53.5211127670144
2017-01,PASIR RIS,EXECUTIVE,10 TO 12,147.0,Apartment,75 years 07 months,552888.0,52.52011922503726
2017-01,PASIR RIS,EXECUTIVE,01 TO 03,155.0,Maisonette,71 years,598000.0,56.43020367610532
2017-01,PASIR RIS,EXECUTIVE,10 TO 12,161.0,Apartment,75 years 06 months,600000.0,54.21708892200696
2017-01,PASIR RIS,EXECUTIVE,10 TO 12,146.0,Maisonette,70 years 08 months,638000.0,59.324391455539
2017-01,PASIR RIS,EXECUTIVE,04 TO 06,165.0,Maisonette,74 years 11 months,728000.0,71.68703427719821
2017-01,PUNGGOL,4 ROOM,10 TO 12,85.0,Model A,86 years 10 months,350000.0,57.16890213611525
2017-01,PUNGGOL,4 ROOM,07 TO 09,91.0,Premium Apartment,85 years 10 months,370000.0,62.88127173373076
2017-01,PUNGGOL,4 ROOM,07 TO 09,91.0,Model A,85 years 07 months,370000.0,62.88127173373076
2017-01,PUNGGOL,4 ROOM,13 TO 15,90.0,Model A,85 years 01 month,380000.0,57.76005961251863
2017-01,PUNGGOL,4 ROOM,01 TO 03,92.0,Model A,95 years,408000.0,63.13661202185793
2017-01,PUNGGOL,4 ROOM,01 TO 03,90.0,Premium Apartment,89 years 07 months,410000.0,52.81967213114754
2017-01,PUNGGOL,4 ROOM,10 TO 12,92.0,Premium Apartment,91 years 02 months,415000.0,63.091902632886246
2017-01,PUNGGOL,4 ROOM,01 TO 03,97.0,Premium Apartment,95 years,415000.0,60.75757575757576
2017-01,PUNGGOL,4 ROOM,10 TO 12,90.0,Premium Apartment,89 years 07 months,420000.0,57.81967213114754
2017-01,PUNGGOL,4 ROOM,01 TO 03,93.0,Model A,94 years 11 months,422800.0,58.257824143070046
2017-01,PUNGGOL,4 ROOM,04 TO 06,92.0,Model A,94 years 11 months,424000.0,63.13661202185793
2017-01,PUNGGOL,4 ROOM,16 TO 18,91.0,Premium Apartment,85 years 11 months,428000.0,54.88127173373076
2017-01,PUNGGOL,4 ROOM,04 TO 06,93.0,Model A,94 years 06 months,430000.0,58.257824143070046
2017-01,PUNGGOL,4 ROOM,07 TO 09,93.0,Model A,94 years 11 months,438000.0,61.257824143070046
2017-01,PUNGGOL,4 ROOM,04 TO 06,93.0,Premium Apartment,95 years,439988.0,60.27272727272727
2017-01,PUNGGOL,4 ROOM,07 TO 09,93.0,Model A,94 years 06 months,440000.0,53.257824143070046
2017-01,PUNGGOL,4 ROOM,16 TO 18,97.0,Model A,94 years 11 months,468000.0,63.74267262791853
2017-01,PUNGGOL,4 ROOM,13 TO 15,94.0,Model A,94 years 07 months,470000.0,58.37903626428216
2017-01,PUNGGOL,4 ROOM,13 TO 15,93.0,Premium Apartment,95 years 01 month,485000.0,58.27272727272727
2017-01,PUNGGOL,4 ROOM,04 TO 06,93.0,Premium Apartment,94 years 06 months,500000.0,58.257824143070046
2017-01,PUNGGOL,4 ROOM,01 TO 03,97.0,Premium Apartment,95 years,508000.0,60.75757575757576
2017-01,PUNGGOL,4 ROOM,10 TO 12,99.0,Premium Apartment,95 years 02 months,510000.0,54.0
2017-01,PUNGGOL,4 ROOM,13 TO 15,98.0,Premium Apartment,95 years 02 months,518000.0,53.87878787878788
2017-01,PUNGGOL,4 ROOM,07 TO 09,98.0,Premium Apartment,95 years 02 months,520000.0,53.87878787878788
2017-01,PUNGGOL,4 ROOM,13 TO 15,99.0,Premium Apartment,95 years,525000.0,59.0
2017-01,PUNGGOL,4 ROOM,07 TO 09,93.0,Premium Apartment,95 years 06 months,530000.0,60.27272727272727
2017-01,PUNGGOL,4 ROOM,13 TO 15,97.0,Premium Apartment,95 years,538000.0,58.75757575757576
2017-01,PUNGGOL,4 ROOM,13 TO 15,93.0,Premium Apartment,93 years 02 months,550000.0,60.24292101341282
2017-01,PUNGGOL,4 ROOM,16 TO 18,97.0,Model A,94 years 11 months,468000.0,63.74267262791853
2017-01,PUNGGOL,4 ROOM,13 TO 15,94.0,Model A,94 years 07 months,470000.0,58.37903626428216
2017-01,PUNGGOL,5 ROOM,01 TO 03,110.0,Improved,86 years 03 months,399000.0,65.19920516641827
2017-01,PUNGGOL,5 ROOM,01 TO 03,110.0,Improved,86 years 10 months,405000.0,60.19920516641828
2017-01,PUNGGOL,5 ROOM,04 TO 06,111.0,Premium Apartment,87 years,410000.0,65.33532041728762
2017-01,PUNGGOL,5 ROOM,07 TO 09,112.0,Premium Apartment,85 years 06 months,430000.0,60.4267262791853
2017-01,PUNGGOL,5 ROOM,04 TO 06,114.0,Premium Apartment,86 years 04 months,432000.0,62.684053651266765
2017-01,PUNGGOL,5 ROOM,10 TO 12,110.0,Improved,85 years 04 months,433000.0,60.18430203676105
2017-01,PUNGGOL,5 ROOM,13 TO 15,110.0,Improved,85 years 03 months,440888.0,60.18430203676105
2017-01,PUNGGOL,5 ROOM,13 TO 15,112.0,Improved,84 years 10 months,442000.0,60.41182314952808
2017-01,PUNGGOL,5 ROOM,13 TO 15,110.0,Improved,85 years 04 months,442000.0,60.18430203676105
2017-01,PUNGGOL,5 ROOM,16 TO 18,110.0,Improved,85 years 04 months,443000.0,60.18430203676105
2017-01,PUNGGOL,5 ROOM,10 TO 12,110.0,Improved,85 years 04 months,450000.0,60.18430203676105
2017-01,PUNGGOL,5 ROOM,10 TO 12,110.0,Improved,85 years 04 months,450000.0,60.18430203676105
2017-01,PUNGGOL,5 ROOM,10 TO 12,110.0,Improved,86 years 05 months,466000.0,60.19920516641828
2017-01,PUNGGOL,5 ROOM,16 TO 18,110.0,Improved,86 years 02 months,468000.0,65.19920516641827
2017-01,PUNGGOL,5 ROOM,07 TO 09,114.0,Premium Apartment,86 years 04 months,480000.0,65.68405365126677
2017-01,PUNGGOL,5 ROOM,13 TO 15,114.0,Premium Apartment,86 years 04 months,488000.0,65.68405365126677
2017-01,PUNGGOL,5 ROOM,07 TO 09,113.0,Premium Apartment,95 years 08 months,498888.0,72.69696969696969
2017-01,PUNGGOL,5 ROOM,10 TO 12,110.0,Premium Apartment,85 years 10 months,500000.0,55.18430203676105
2017-01,PUNGGOL,5 ROOM,07 TO 09,118.0,Premium Apartment,95 years 08 months,518888.0,73.30303030303031
2017-01,PUNGGOL,5 ROOM,10 TO 12,110.0,Premium Apartment,85 years 09 months,520000.0,55.18430203676105
2017-01,PUNGGOL,5 ROOM,16 TO 18,118.0,Premium Apartment,95 years 08 months,558000.0,73.30303030303031
2017-01,PUNGGOL,5 ROOM,04 TO 06,116.0,Premium Apartment,95 years 01 month,580000.0,63.06060606060606
2017-01,PUNGGOL,5 ROOM,10 TO 12,114.0,Premium Apartment,95 years 06 months,598000.0,62.81818181818182
2017-01,PUNGGOL,5 ROOM,07 TO 09,113.0,Premium Apartment,95 years,600000.0,60.696969696969695
2017-01,PUNGGOL,5 ROOM,01 TO 03,115.0,Premium Apartment,95 years,608000.0,60.93939393939394
2017-01,PUNGGOL,5 ROOM,13 TO 15,113.0,Premium Apartment,95 years,630000.0,62.696969696969695
2017-01,PUNGGOL,5 ROOM,16 TO 18,110.0,Improved,86 years 02 months,468000.0,65.19920516641827
2017-01,QUEENSTOWN,3 ROOM,01 TO 03,60.0,Standard,49 years,290000.0,36.58718330849479
2017-01,QUEENSTOWN,3 ROOM,07 TO 09,60.0,Improved,52 years 06 months,299800.0,36.63189269746647
2017-01,QUEENSTOWN,3 ROOM,07 TO 09,67.0,Improved,52 years,300000.0,49.48037754595131
2017-01,QUEENSTOWN,3 ROOM,04 TO 06,60.0,Standard,49 years,307000.0,36.58718330849479
2017-01,QUEENSTOWN,3 ROOM,10 TO 12,60.0,Improved,52 years 06 months,310000.0,50.63189269746647
2017-01,QUEENSTOWN,3 ROOM,07 TO 09,60.0,Standard,51 years,312000.0,36.61698956780924
2017-01,QUEENSTOWN,3 ROOM,04 TO 06,60.0,Standard,49 years,320000.0,36.58718330849479
2017-01,QUEENSTOWN,3 ROOM,10 TO 12,67.0,Standard,51 years,330000.0,37.465474416294086
2017-01,QUEENSTOWN,3 ROOM,16 TO 18,60.0,Standard,49 years,334888.0,36.58718330849479
2017-01,QUEENSTOWN,3 ROOM,13 TO 15,60.0,Standard,49 years 01 month,340000.0,36.58718330849479
2017-01,QUEENSTOWN,3 ROOM,07 TO 09,65.0,Improved,58 years 06 months,350000.0,45.32737208147044
2017-01,QUEENSTOWN,3 ROOM,10 TO 12,65.0,Improved,57 years 06 months,355000.0,37.312468951813216
2017-01,QUEENSTOWN,3 ROOM,13 TO 15,60.0,Improved,52 years 06 months,355000.0,50.63189269746647
2017-01,QUEENSTOWN,3 ROOM,04 TO 06,65.0,Improved,58 years 07 months,360000.0,45.32737208147044
2017-01,QUEENSTOWN,3 ROOM,07 TO 09,65.0,Improved,58 years 06 months,363000.0,45.32737208147044
2017-01,QUEENSTOWN,3 ROOM,16 TO 18,59.0,Improved,56 years 05 months,388000.0,44.57029309488326
2017-01,QUEENSTOWN,3 ROOM,04 TO 06,69.0,Standard,49 years,398000.0,37.67809239940388
2017-01,QUEENSTOWN,4 ROOM,04 TO 06,82.0,Improved,56 years 04 months,505000.0,47.35817188276205
2017-01,QUEENSTOWN,4 ROOM,04 TO 06,85.0,Model A,82 years 09 months,595000.0,48.10928961748634
2017-01,QUEENSTOWN,4 ROOM,19 TO 21,88.0,Improved,57 years,605000.0,52.100347739692
2017-01,QUEENSTOWN,4 ROOM,04 TO 06,88.0,Improved,56 years 06 months,620000.0,57.08544461003477
2017-01,QUEENSTOWN,4 ROOM,28 TO 30,92.0,Model A,95 years 03 months,705000.0,51.15151515151516
2017-01,QUEENSTOWN,4 ROOM,16 TO 18,90.0,Model A,88 years 11 months,705000.0,52.80476900149031
2017-01,QUEENSTOWN,4 ROOM,10 TO 12,103.0,Model A,78 years 08 months,780000.0,54.23149528067561
2017-01,QUEENSTOWN,5 ROOM,13 TO 15,117.0,Standard,59 years,745000.0,51.64530551415797
2017-01,QUEENSTOWN,5 ROOM,04 TO 06,119.0,Standard,57 years,790000.0,55.85792349726776
2017-01,QUEENSTOWN,5 ROOM,19 TO 21,111.0,Improved,85 years 08 months,800000.0,51.30551415797318
2017-01,QUEENSTOWN,5 ROOM,19 TO 21,110.0,Improved,88 years 11 months,860000.0,55.229011425732736
2017-01,SEMBAWANG,4 ROOM,01 TO 03,86.0,Model A2,82 years 06 months,305000.0,48.230501738698464
2017-01,SEMBAWANG,4 ROOM,04 TO 06,100.0,Model A,81 years 04 months,335000.0,55.912568306010925
2017-01,SEMBAWANG,4 ROOM,01 TO 03,100.0,Model A,81 years 09 months,342000.0,49.912568306010925
2017-01,SEMBAWANG,4 ROOM,10 TO 12,91.0,Model A,83 years 05 months,358000.0,51.85146547441629
2017-01,SEMBAWANG,4 ROOM,04 TO 06,96.0,Model A,92 years 07 months,363000.0,49.59165424739196
2017-01,SEMBAWANG,4 ROOM,10 TO 12,102.0,Premium Apartment,83 years 06 months,365000.0,50.18479880774963
2017-01,SEMBAWANG,4 ROOM,10 TO 12,90.0,Model A,83 years 02 months,365000.0,54.73025335320417
2017-01,SEMBAWANG,4 ROOM,04 TO 06,96.0,Premium Apartment,83 years 05 months,380000.0,55.457526080476896
2017-01,SEMBAWANG,4 ROOM,13 TO 15,95.0,Premium Apartment,83 years 05 months,390000.0,63.33631395926478
2017-01,SEMBAWANG,4 ROOM,13 TO 15,101.0,Model A,81 years 04 months,398000.0,56.03378042722305
2017-01,SEMBAWANG,5 ROOM,04 TO 06,110.0,Improved,83 years 02 months,390000.0,57.1544957774466
2017-01,SEMBAWANG,5 ROOM,07 TO 09,121.0,Improved,81 years 06 months,392000.0,52.45802285146547
2017-01,SEMBAWANG,5 ROOM,07 TO 09,116.0,Improved,81 years 11 months,410000.0,57.85196224540487
2017-01,SEMBAWANG,5 ROOM,10 TO 12,110.0,Premium Apartment,83 years 05 months,415000.0,57.1544957774466
2017-01,SEMBAWANG,5 ROOM,04 TO 06,110.0,Improved,84 years,428000.0,65.16939890710383
2017-01,SEMBAWANG,5 ROOM,10 TO 12,120.0,Improved,80 years 10 months,435000.0,65.32190760059612
2017-01,SEMBAWANG,5 ROOM,07 TO 09,110.0,Improved,83 years 09 months,445000.0,68.15449577744658
2017-01,SEMBAWANG,5 ROOM,10 TO 12,110.0,Improved,84 years 11 months,450000.0,54.16939890710383
2017-01,SEMBAWANG,5 ROOM,10 TO 12,110.0,Improved,83 years 09 months,485000.0,62.15449577744659
2017-01,SEMBAWANG,EXECUTIVE,04 TO 06,141.0,Apartment,80 years 11 months,465000.0,59.86736214605067
2017-01,SEMBAWANG,EXECUTIVE,07 TO 09,125.0,Apartment,84 years 10 months,495000.0,59.987580725285646
2017-01,SEMBAWANG,EXECUTIVE,04 TO 06,139.0,Apartment,81 years 06 months,505000.0,60.63984103328366
2017-01,SEMBAWANG,EXECUTIVE,07 TO 09,139.0,Apartment,81 years 06 months,515000.0,56.63984103328366
2017-01,SENGKANG,2 ROOM,19 TO 21,50.0,Model A,94 years 02 months,273000.0,58.04570293094884
2017-01,SENGKANG,3 ROOM,10 TO 12,69.0,Model A,94 years 01 month,342000.0,60.34873323397913
2017-01,SENGKANG,3 ROOM,10 TO 12,67.0,Model A,94 years 10 months,345000.0,60.1063089915549
2017-01,SENGKANG,3 ROOM,13 TO 15,67.0,Model A,94 years 10 months,348000.0,60.1063089915549
2017-01,SENGKANG,3 ROOM,10 TO 12,68.0,Model A,95 years 01 month,360000.0,55.24242424242424
2017-01,SENGKANG,3 ROOM,16 TO 18,68.0,Model A,95 years 02 months,365000.0,60.24242424242424
2017-01,SENGKANG,4 ROOM,01 TO 03,90.0,Model A,84 years 02 months,312000.0,57.74515648286141
2017-01,SENGKANG,4 ROOM,01 TO 03,90.0,Model A2,81 years 06 months,325000.0,59.700447093889714
2017-01,SENGKANG,4 ROOM,13 TO 15,85.0,Model A2,82 years 11 months,330000.0,62.10928961748634
2017-01,SENGKANG,4 ROOM,10 TO 12,85.0,Model A2,85 years 05 months,332000.0,59.15399900645802
2017-01,SENGKANG,4 ROOM,01 TO 03,90.0,Model A,85 years 02 months,338000.0,61.76005961251863
2017-01,SENGKANG,4 ROOM,07 TO 09,85.0,Model A2,85 years 05 months,340000.0,54.15399900645802
2017-01,SENGKANG,4 ROOM,04 TO 06,89.0,Model A2,81 years 05 months,340000.0,54.5792349726776
2017-01,SENGKANG,4 ROOM,01 TO 03,90.0,Premium Apartment,85 years 08 months,343000.0,57.76005961251863
2017-01,SENGKANG,4 ROOM,04 TO 06,85.0,Model A2,85 years 05 months,345000.0,54.15399900645802
2017-01,SENGKANG,4 ROOM,04 TO 06,85.0,Model A2,85 years 05 months,345000.0,54.15399900645802
2017-01,SENGKANG,4 ROOM,04 TO 06,101.0,Model A,81 years 03 months,345000.0,56.03378042722305
2017-01,SENGKANG,4 ROOM,01 TO 03,100.0,Model A,81 years 01 month,348000.0,60.912568306010925
2017-01,SENGKANG,4 ROOM,04 TO 06,90.0,Model A,82 years 07 months,351000.0,59.71535022354694
2017-01,SENGKANG,4 ROOM,01 TO 03,93.0,Premium Apartment,86 years 03 months,360000.0,55.13859910581222
2017-01,SENGKANG,4 ROOM,10 TO 12,85.0,Model A2,83 years 08 months,365000.0,57.12419274714357
2017-01,SENGKANG,4 ROOM,07 TO 09,101.0,Model A,81 years 05 months,370000.0,59.03378042722305
2017-01,SENGKANG,4 ROOM,01 TO 03,90.0,Model A,82 years 11 months,370000.0,65.71535022354695
2017-01,SENGKANG,4 ROOM,10 TO 12,102.0,Model A,81 years 05 months,370000.0,59.154992548435175
2017-01,SENGKANG,4 ROOM,13 TO 15,91.0,Model A,84 years 02 months,373000.0,49.86636860407353
2017-01,SENGKANG,4 ROOM,10 TO 12,92.0,Model A,83 years 06 months,388000.0,62.97267759562842
2017-01,SENGKANG,4 ROOM,01 TO 03,93.0,Model A,95 years 01 month,390000.0,60.27272727272727
2017-01,SENGKANG,4 ROOM,04 TO 06,93.0,Model A,95 years 10 months,393888.0,58.27272727272727
2017-01,SENGKANG,4 ROOM,07 TO 09,101.0,Model A,81 years 05 months,398000.0,54.03378042722305
2017-01,SENGKANG,4 ROOM,13 TO 15,90.0,Model A,83 years 07 months,405000.0,54.73025335320417
2017-01,SENGKANG,4 ROOM,13 TO 15,92.0,Model A,93 years 10 months,415000.0,60.1217088922007
2017-01,SENGKANG,4 ROOM,10 TO 12,102.0,Model A,81 years,418000.0,54.154992548435175
2017-01,SENGKANG,4 ROOM,13 TO 15,101.0,Model A,81 years 10 months,418000.0,56.03378042722305
2017-01,SENGKANG,4 ROOM,10 TO 12,94.0,Premium Apartment,95 years 05 months,420000.0,60.39393939393939
2017-01,SENGKANG,4 ROOM,04 TO 06,93.0,Model A,95 years 02 months,421000.0,60.27272727272727
2017-01,SENGKANG,4 ROOM,13 TO 15,95.0,Premium Apartment,94 years 10 months,422000.0,63.50024838549429
2017-01,SENGKANG,4 ROOM,16 TO 18,92.0,Model A,94 years 01 month,428000.0,63.13661202185793
2017-01,SENGKANG,4 ROOM,04 TO 06,91.0,Premium Apartment,88 years 01 month,428888.0,57.92598112270243
2017-01,SENGKANG,4 ROOM,07 TO 09,94.0,Model A,94 years 10 months,430000.0,63.37903626428216
2017-01,SENGKANG,4 ROOM,04 TO 06,93.0,Model A,95 years 01 month,430000.0,60.27272727272727
2017-01,SENGKANG,4 ROOM,13 TO 15,95.0,Model A,95 years 01 month,435000.0,60.51515151515152
2017-01,SENGKANG,4 ROOM,10 TO 12,98.0,Premium Apartment,94 years 09 months,435000.0,63.86388474913065
2017-01,SENGKANG,4 ROOM,16 TO 18,96.0,Model A,92 years 02 months,439888.0,63.59165424739196
2017-01,SENGKANG,4 ROOM,25 TO 27,96.0,Premium Apartment,94 years 10 months,440000.0,63.62146050670641
2017-01,SENGKANG,4 ROOM,16 TO 18,100.0,Premium Apartment,94 years 09 months,445000.0,59.1063089915549
2017-01,SENGKANG,4 ROOM,07 TO 09,95.0,Premium Apartment,94 years 09 months,445000.0,63.50024838549429
2017-01,SENGKANG,4 ROOM,10 TO 12,93.0,Model A,95 years 01 month,450000.0,58.27272727272727
2017-01,SENGKANG,4 ROOM,13 TO 15,95.0,Model A,95 years 01 month,450000.0,58.51515151515152
2017-01,SENGKANG,4 ROOM,04 TO 06,93.0,Model A,95 years 01 month,455000.0,63.27272727272727
2017-01,SENGKANG,4 ROOM,10 TO 12,92.0,Premium Apartment,90 years 04 months,475000.0,58.07699950322902
2017-01,SENGKANG,4 ROOM,04 TO 06,90.0,Premium Apartment,91 years 11 months,483000.0,57.849478390462
2017-01,SENGKANG,4 ROOM,07 TO 09,90.0,Premium Apartment,91 years 11 months,490000.0,57.849478390462
2017-01,SENGKANG,4 ROOM,04 TO 06,93.0,Premium Apartment,92 years 04 months,495000.0,58.22801788375559
2017-01,SENGKANG,4 ROOM,07 TO 09,90.0,Premium Apartment,91 years 07 months,530000.0,57.849478390462
2017-01,SENGKANG,4 ROOM,16 TO 18,90.0,Premium Apartment,91 years 07 months,555000.0,57.849478390462
2017-01,SENGKANG,5 ROOM,01 TO 03,110.0,Improved,83 years 03 months,368000.0,62.15449577744659
2017-01,SENGKANG,5 ROOM,01 TO 03,112.0,Premium Apartment,84 years 08 months,388000.0,60.41182314952808
2017-01,SENGKANG,5 ROOM,07 TO 09,110.0,Improved,82 years 05 months,408000.0,62.13959264778936
2017-01,SENGKANG,5 ROOM,07 TO 09,110.0,Improved,84 years 01 month,410000.0,60.16939890710383
2017-01,SENGKANG,5 ROOM,01 TO 03,110.0,Improved,84 years 08 months,415000.0,60.16939890710383
2017-01,SENGKANG,5 ROOM,13 TO 15,115.0,Improved,82 years 08 months,425000.0,62.74565325384997
2017-01,SENGKANG,5 ROOM,13 TO 15,123.0,Improved,81 years 05 months,428000.0,61.70044709388972
2017-01,SENGKANG,5 ROOM,16 TO 18,110.0,Improved,84 years 01 month,430000.0,60.16939890710383
2017-01,SENGKANG,5 ROOM,10 TO 12,115.0,Improved,82 years 08 months,433000.0,62.74565325384997
2017-01,SENGKANG,5 ROOM,16 TO 18,110.0,Improved,83 years 06 months,448000.0,65.15449577744658
2017-01,SENGKANG,5 ROOM,07 TO 09,110.0,Improved,84 years,450000.0,60.16939890710383
2017-01,SENGKANG,5 ROOM,10 TO 12,113.0,Premium Apartment,83 years 07 months,450000.0,62.51813214108296
2017-01,SENGKANG,5 ROOM,07 TO 09,114.0,Premium Apartment,83 years 07 months,460000.0,60.63934426229508
2017-01,SENGKANG,5 ROOM,10 TO 12,110.0,Improved,83 years 11 months,463000.0,62.15449577744659
2017-01,SENGKANG,5 ROOM,16 TO 18,110.0,Premium Apartment,86 years 11 months,470000.0,57.19920516641828
2017-01,SENGKANG,5 ROOM,07 TO 09,121.0,Improved,80 years 10 months,475000.0,66.44311972180824
2017-01,SENGKANG,5 ROOM,13 TO 15,121.0,Improved,80 years 10 months,482000.0,66.44311972180824
2017-01,SENGKANG,5 ROOM,10 TO 12,110.0,Improved,84 years 05 months,508000.0,71.16939890710383
2017-01,SENGKANG,5 ROOM,07 TO 09,113.0,Premium Apartment,95 years 05 months,515000.0,65.69696969696969
2017-01,SENGKANG,EXECUTIVE,04 TO 06,128.0,Apartment,83 years 10 months,495000.0,62.33631395926478
2017-01,SENGKANG,EXECUTIVE,07 TO 09,130.0,Apartment,83 years,515000.0,57.57873820168902
2017-01,SENGKANG,EXECUTIVE,07 TO 09,142.0,Premium Apartment,83 years 02 months,545000.0,69.03328365623447
2017-01,SENGKANG,EXECUTIVE,13 TO 15,134.0,Premium Apartment,83 years 07 months,558000.0,58.06358668653751
2017-01,SENGKANG,EXECUTIVE,07 TO 09,131.0,Apartment,82 years 06 months,562000.0,62.68504719324391
2017-01,SENGKANG,EXECUTIVE,07 TO 09,141.0,Premium Apartment,83 years 02 months,585000.0,68.91207153502236
2017-01,SENGKANG,EXECUTIVE,10 TO 12,130.0,Apartment,83 years 03 months,623000.0,80.57873820168902
2017-01,SERANGOON,3 ROOM,04 TO 06,67.0,New Generation,67 years 04 months,292000.0,45.70392449080974
2017-01,SERANGOON,3 ROOM,01 TO 03,73.0,Improved,60 years 04 months,318000.0,52.32687531048187
2017-01,SERANGOON,3 ROOM,10 TO 12,67.0,New Generation,66 years 11 months,319000.0,45.68902136115251
2017-01,SERANGOON,3 ROOM,01 TO 03,64.0,Improved,60 years 04 months,320000.0,51.23596621957277
2017-01,SERANGOON,3 ROOM,01 TO 03,73.0,New Generation,67 years 03 months,320000.0,50.43119721808248
2017-01,SERANGOON,3 ROOM,07 TO 09,67.0,New Generation,66 years 11 months,320000.0,42.68902136115251
2017-01,SERANGOON,3 ROOM,10 TO 12,73.0,Improved,65 years 05 months,377000.0,57.401390958768005
2017-01,SERANGOON,4 ROOM,04 TO 06,93.0,New Generation,67 years 02 months,355000.0,45.855439642324896
2017-01,SERANGOON,4 ROOM,01 TO 03,83.0,Simplified,69 years 06 months,370000.0,44.67312468951813
2017-01,SERANGOON,4 ROOM,04 TO 06,91.0,New Generation,67 years 05 months,390000.0,45.61301539990065
2017-01,SERANGOON,4 ROOM,01 TO 03,99.0,New Generation,67 years 08 months,420000.0,43.582712369597616
2017-01,SERANGOON,4 ROOM,04 TO 06,95.0,New Generation,67 years 09 months,472000.0,53.09786388474913
2017-01,SERANGOON,4 ROOM,01 TO 03,105.0,Model A,71 years 01 month,550000.0,56.36959761549925
2017-01,SERANGOON,4 ROOM,04 TO 06,109.0,Model A,71 years 02 months,560000.0,61.85444610034774
2017-01,SERANGOON,4 ROOM,10 TO 12,103.0,Model A,71 years 10 months,593000.0,61.12717337307501
2017-01,SERANGOON,4 ROOM,07 TO 09,109.0,Model A,71 years 02 months,625000.0,61.85444610034774
2017-01,SERANGOON,EXECUTIVE,04 TO 06,145.0,Apartment,74 years 10 months,640000.0,55.262791852955786
2017-01,SERANGOON,EXECUTIVE,07 TO 09,147.0,Maisonette,74 years 10 months,645000.0,52.50521609538002
2017-01,SERANGOON,EXECUTIVE,07 TO 09,153.0,Apartment,74 years 10 months,708000.0,53.23248882265276
2017-01,SERANGOON,EXECUTIVE,04 TO 06,156.0,Maisonette,74 years 10 months,735000.0,53.59612518628912
2017-01,TAMPINES,2 ROOM,01 TO 03,45.0,Model A,94 years 02 months,250000.0,43.43964232488823
2017-01,TAMPINES,3 ROOM,01 TO 03,60.0,Improved,67 years 09 months,270000.0,55.855439642324896
2017-01,TAMPINES,3 ROOM,04 TO 06,68.0,New Generation,66 years 05 months,295000.0,56.81023348236463
2017-01,TAMPINES,3 ROOM,01 TO 03,69.0,Improved,67 years 08 months,300000.0,52.94634873323398
2017-01,TAMPINES,3 ROOM,07 TO 09,64.0,Simplified,69 years 06 months,305000.0,49.37009438648783
2017-01,TAMPINES,3 ROOM,07 TO 09,64.0,Simplified,67 years 11 months,308000.0,52.34028812717338
2017-01,TAMPINES,3 ROOM,04 TO 06,67.0,New Generation,69 years 04 months,315000.0,47.7337307501242
2017-01,TAMPINES,3 ROOM,01 TO 03,75.0,Model A,65 years,318500.0,46.62891207153502
2017-01,TAMPINES,3 ROOM,04 TO 06,67.0,New Generation,67 years 06 months,320000.0,54.70392449080974
2017-01,TAMPINES,3 ROOM,07 TO 09,74.0,Model A,66 years 06 months,323000.0,46.53750620963736
2017-01,TAMPINES,3 ROOM,01 TO 03,74.0,Model A,69 years 04 months,325000.0,50.58221559860904
2017-01,TAMPINES,3 ROOM,01 TO 03,83.0,New Generation,69 years 05 months,328000.0,49.67312468951813
2017-01,TAMPINES,3 ROOM,04 TO 06,73.0,Model A,65 years 10 months,329000.0,55.401390958768005
2017-01,TAMPINES,3 ROOM,04 TO 06,74.0,Model A,66 years 08 months,333000.0,50.53750620963736
2017-01,TAMPINES,3 ROOM,04 TO 06,74.0,Model A,69 years 11 months,337000.0,46.58221559860904
2017-01,TAMPINES,3 ROOM,04 TO 06,73.0,Model A,66 years 02 months,345000.0,57.41629408842524
2017-01,TAMPINES,3 ROOM,04 TO 06,79.0,Model A,67 years 11 months,345000.0,47.15846994535519
2017-01,TAMPINES,3 ROOM,01 TO 03,83.0,New Generation,69 years 09 months,345000.0,52.67312468951813
2017-01,TAMPINES,3 ROOM,10 TO 12,73.0,Model A,66 years 07 months,350000.0,60.41629408842524
2017-01,TAMPINES,3 ROOM,07 TO 09,73.0,Model A,66 years 09 months,350000.0,59.41629408842524
2017-01,TAMPINES,3 ROOM,07 TO 09,75.0,Model A,67 years 11 months,355000.0,46.67362146050671
2017-01,TAMPINES,3 ROOM,07 TO 09,65.0,Model A,94 years 02 months,355000.0,45.86388474913065
2017-01,TAMPINES,4 ROOM,10 TO 12,84.0,Simplified,70 years 01 month,370000.0,56.80923994038748
2017-01,TAMPINES,4 ROOM,01 TO 03,100.0,Model A,79 years 02 months,385000.0,46.88276204669647
2017-01,TAMPINES,4 ROOM,10 TO 12,104.0,Model A,71 years 05 months,394000.0,50.248385494287135
2017-01,TAMPINES,4 ROOM,01 TO 03,100.0,Model A,79 years 02 months,395000.0,49.88276204669647
2017-01,TAMPINES,4 ROOM,04 TO 06,84.0,Simplified,66 years 11 months,398000.0,49.74962742175857
2017-01,TAMPINES,4 ROOM,01 TO 03,109.0,Model A,71 years 10 months,400000.0,50.85444610034774
2017-01,TAMPINES,4 ROOM,10 TO 12,107.0,Model A,75 years 08 months,408000.0,50.67163437655241
2017-01,TAMPINES,4 ROOM,04 TO 06,104.0,Model A,71 years 06 months,408000.0,47.248385494287135
2017-01,TAMPINES,4 ROOM,07 TO 09,103.0,Model A,66 years 07 months,412000.0,50.05265772478887
2017-01,TAMPINES,4 ROOM,04 TO 06,105.0,Model A,67 years 05 months,413888.0,57.30998509687035
2017-01,TAMPINES,4 ROOM,04 TO 06,105.0,Model A,67 years 01 month,415000.0,54.30998509687035
2017-01,TAMPINES,4 ROOM,04 TO 06,89.0,Simplified,67 years 11 months,416800.0,55.37059115747641
2017-01,TAMPINES,4 ROOM,10 TO 12,91.0,New Generation,67 years 02 months,418000.0,59.61301539990065
2017-01,TAMPINES,4 ROOM,01 TO 03,107.0,Model A,75 years 08 months,420000.0,54.67163437655241
2017-01,TAMPINES,4 ROOM,04 TO 06,105.0,Model A,64 years 09 months,420000.0,50.26527570789865
2017-01,TAMPINES,4 ROOM,01 TO 03,100.0,New Generation,68 years 03 months,420000.0,58.71882762046697
2017-01,TAMPINES,4 ROOM,01 TO 03,104.0,Model A,79 years 05 months,420000.0,47.36761053154496
2017-01,TAMPINES,4 ROOM,07 TO 09,106.0,Premium Apartment,79 years 03 months,423000.0,50.6100347739692
2017-01,TAMPINES,4 ROOM,10 TO 12,84.0,Simplified,68 years,423000.0,54.7645305514158
2017-01,TAMPINES,4 ROOM,04 TO 06,99.0,Model A,79 years 03 months,428000.0,46.76154992548435
2017-01,TAMPINES,4 ROOM,10 TO 12,104.0,Model A,66 years 02 months,430000.0,50.173869846001
2017-01,TAMPINES,4 ROOM,10 TO 12,89.0,Simplified,67 years 11 months,430000.0,55.37059115747641
2017-01,TAMPINES,4 ROOM,04 TO 06,102.0,Premium Apartment,78 years 05 months,430000.0,54.11028315946349
2017-01,TAMPINES,4 ROOM,04 TO 06,107.0,Premium Apartment,78 years 05 months,435000.0,50.716343765524094
2017-01,TAMPINES,4 ROOM,07 TO 09,103.0,Model A,79 years 05 months,440000.0,47.24639841033284
2017-01,TAMPINES,4 ROOM,10 TO 12,103.0,Model A,79 years 07 months,440288.0,47.24639841033284
2017-01,TAMPINES,4 ROOM,07 TO 09,103.0,Model A,79 years 07 months,442000.0,47.24639841033284
2017-01,TAMPINES,4 ROOM,01 TO 03,104.0,Model A,70 years 10 months,443000.0,68.23348236462991
2017-01,TAMPINES,4 ROOM,10 TO 12,103.0,Model A,79 years 05 months,450000.0,47.24639841033284
2017-01,TAMPINES,4 ROOM,10 TO 12,104.0,Model A,70 years 09 months,450000.0,47.23348236462991
2017-01,TAMPINES,4 ROOM,01 TO 03,105.0,Model A,79 years,500000.0,64.48882265275708
2017-01,TAMPINES,4 ROOM,07 TO 09,103.0,Model A,66 years 07 months,510000.0,61.05265772478887
2017-01,TAMPINES,5 ROOM,10 TO 12,128.0,Improved,75 years 08 months,450000.0,57.21708892200696
2017-01,TAMPINES,5 ROOM,01 TO 03,133.0,Model A,75 years 06 months,455000.0,53.82314952806756
2017-01,TAMPINES,5 ROOM,04 TO 06,120.0,Improved,79 years 11 months,480000.0,49.3070044709389
2017-01,TAMPINES,5 ROOM,01 TO 03,121.0,Improved,67 years 04 months,490000.0,63.24937903626429
2017-01,TAMPINES,5 ROOM,04 TO 06,120.0,Improved,79 years 03 months,492000.0,49.3070044709389
2017-01,TAMPINES,5 ROOM,07 TO 09,127.0,Improved,75 years 06 months,495000.0,53.095876800794834
2017-01,TAMPINES,5 ROOM,10 TO 12,122.0,Improved,75 years 06 months,505000.0,52.48981619473423
2017-01,TAMPINES,5 ROOM,04 TO 06,121.0,Improved,67 years 02 months,505000.0,56.24937903626429
2017-01,TAMPINES,5 ROOM,04 TO 06,125.0,Premium Apartment,79 years 06 months,530000.0,52.9130650769995
2017-01,TAMPINES,5 ROOM,13 TO 15,122.0,Improved,80 years,540000.0,49.54942871336314
2017-01,TAMPINES,5 ROOM,01 TO 03,122.0,Improved,70 years 06 months,550000.0,52.41530054644809
2017-01,TAMPINES,5 ROOM,13 TO 15,119.0,Improved,79 years 03 months,550000.0,49.185792349726775
2017-01,TAMPINES,5 ROOM,10 TO 12,120.0,Improved,79 years 03 months,550000.0,49.3070044709389
2017-01,TAMPINES,5 ROOM,10 TO 12,131.0,Improved,71 years 03 months,555000.0,50.5211127670144
2017-01,TAMPINES,5 ROOM,13 TO 15,120.0,Improved,79 years 08 months,570000.0,49.3070044709389
2017-01,TAMPINES,5 ROOM,04 TO 06,122.0,Improved,71 years 01 month,570000.0,54.43020367610532
2017-01,TAMPINES,5 ROOM,07 TO 09,121.0,Improved,67 years 04 months,575000.0,63.24937903626429
2017-01,TAMPINES,5 ROOM,10 TO 12,122.0,Improved,71 years,608000.0,58.43020367610532
2017-01,TAMPINES,5 ROOM,10 TO 12,109.0,DBSS,90 years 11 months,730000.0,53.13760556383507
2017-01,TAMPINES,5 ROOM,13 TO 15,114.0,DBSS,90 years,730000.0,53.74366616989568
2017-01,TAMPINES,EXECUTIVE,01 TO 03,142.0,Apartment,75 years 06 months,578000.0,54.914058618976654
2017-01,TAMPINES,EXECUTIVE,04 TO 06,139.0,Premium Apartment,78 years 05 months,600000.0,54.59513164431198
2017-01,TAMPINES,EXECUTIVE,01 TO 03,146.0,Apartment,70 years 07 months,600000.0,60.324391455539
2017-01,TAMPINES,EXECUTIVE,10 TO 12,139.0,Premium Apartment,78 years 05 months,618888.0,54.59513164431198
2017-01,TAMPINES,EXECUTIVE,01 TO 03,143.0,Apartment,75 years 06 months,625000.0,59.03527074018878
2017-01,TAMPINES,EXECUTIVE,10 TO 12,148.0,Apartment,78 years,698000.0,55.67113760556383
2017-01,TAMPINES,EXECUTIVE,04 TO 06,146.0,Maisonette,69 years 10 months,702000.0,57.30948832588177
2017-01,TAMPINES,EXECUTIVE,07 TO 09,146.0,Apartment,77 years 10 months,830000.0,60.42871336313959
2017-01,TOA PAYOH,2 ROOM,07 TO 09,43.0,Standard,49 years 05 months,228500.0,42.52657724788872
