month,town,flat_type,storey_range,floor_area_sqm,flat_model,remaining_lease,remaining_lease_years,resale_price,Score
2017-01,ANG MO KIO,2 ROOM,10 TO 12,44,Improved,61 years 04 months,61.33333333,232000,42.82662692
2017-01,ANG MO KIO,3 ROOM,01 TO 03,67,New Generation,60 years 07 months,60.58333333,250000,54.59960258
2017-01,ANG MO KIO,3 ROOM,01 TO 03,67,New Generation,62 years 05 months,62.41666667,262000,49.62940884
2017-01,ANG MO KIO,3 ROOM,04 TO 06,68,New Generation,62 years 01 month,62.08333333,265000,45.75062096
2017-01,ANG MO KIO,3 ROOM,01 TO 03,67,New Generation,62 years 05 months,62.41666667,265000,49.62940884
2017-01,ANG MO KIO,3 ROOM,01 TO 03,68,New Generation,63 years,63,275000,48.76552409
2017-01,ANG MO KIO,3 ROOM,04 TO 06,68,New Generation,61 years 06 months,61.5,280000,45.73571783
2017-01,ANG MO KIO,3 ROOM,04 TO 06,67,New Generation,58 years 04 months,58.33333333,285000,45.56979632
2017-01,ANG MO KIO,3 ROOM,04 TO 06,68,New Generation,61 years 06 months,61.5,285000,45.73571783
2017-01,ANG MO KIO,3 ROOM,01 TO 03,67,New Generation,61 years 04 months,61.33333333,285000,45.61450571
2017-01,ANG MO KIO,3 ROOM,01 TO 03,68,New Generation,62 years 01 month,62.08333333,288500,45.75062096
2017-01,ANG MO KIO,3 ROOM,10 TO 12,67,New Generation,59 years 08 months,59.66666667,295000,49.58469945
2017-01,ANG MO KIO,3 ROOM,04 TO 06,67,New Generation,59 years 08 months,59.66666667,295000,45.58469945
2017-01,ANG MO KIO,3 ROOM,07 TO 09,67,New Generation,59 years 06 months,59.5,297000,45.58469945
2017-01,ANG MO KIO,3 ROOM,07 TO 09,68,New Generation,62 years 01 month,62.08333333,298000,45.75062096
2017-01,ANG MO KIO,3 ROOM,04 TO 06,67,New Generation,60 years,60,298000,49.59960258
2017-01,ANG MO KIO,3 ROOM,10 TO 12,67,New Generation,61 years 04 months,61.33333333,300000,45.61450571
2017-01,ANG MO KIO,3 ROOM,04 TO 06,68,New Generation,62 years 08 months,62.66666667,301000,45.75062096
2017-01,ANG MO KIO,3 ROOM,07 TO 09,67,New Generation,61 years,61,306000,45.61450571
2017-01,ANG MO KIO,3 ROOM,04 TO 06,68,New Generation,62 years 08 months,62.66666667,312000,49.75062096
2017-01,ANG MO KIO,3 ROOM,07 TO 09,67,New Generation,60 years 10 months,60.83333333,312000,50.59960258
2017-01,ANG MO KIO,3 ROOM,04 TO 06,73,New Generation,59 years 06 months,59.5,321000,55.31197218
2017-01,ANG MO KIO,3 ROOM,10 TO 12,67,New Generation,61 years,61,325000,49.61450571
2017-01,ANG MO KIO,3 ROOM,01 TO 03,67,New Generation,59 years 03 months,59.25,325000,45.58469945
2017-01,ANG MO KIO,3 ROOM,04 TO 06,67,New Generation,61 years 05 months,61.41666667,328000,49.61450571
2017-01,ANG MO KIO,3 ROOM,07 TO 09,74,New Generation,60 years 04 months,60.33333333,330000,55.44808743
2017-01,ANG MO KIO,3 ROOM,07 TO 09,68,New Generation,63 years,63,330000,45.76552409
2017-01,ANG MO KIO,3 ROOM,10 TO 12,73,New Generation,59 years 06 months,59.5,335000,55.31197218
2017-01,ANG MO KIO,3 ROOM,07 TO 09,68,New Generation,63 years,63,338000,45.76552409
2017-01,ANG MO KIO,3 ROOM,10 TO 12,82,New Generation,62 years,62,366000,47.44759066
2017-01,ANG MO KIO,3 ROOM,10 TO 12,73,New Generation,60 years 03 months,60.25,373000,48.32687531
2017-01,ANG MO KIO,3 ROOM,07 TO 09,82,New Generation,62 years,62,375000,47.44759066
2017-01,ANG MO KIO,3 ROOM,01 TO 03,81,New Generation,62 years 05 months,62.41666667,390000,52.32637854
2017-01,ANG MO KIO,4 ROOM,10 TO 12,92,New Generation,61 years 06 months,61.5,400000,45.64480874
2017-01,ANG MO KIO,4 ROOM,07 TO 09,91,New Generation,61 years 06 months,61.5,400000,45.52359662
2017-01,ANG MO KIO,4 ROOM,01 TO 03,94,New Generation,63 years 09 months,63.75,403000,48.91703924
2017-01,ANG MO KIO,4 ROOM,01 TO 03,92,New Generation,63 years,63,410000,48.674615
2017-01,ANG MO KIO,4 ROOM,01 TO 03,98,New Generation,61 years 01 month,61.08333333,425888,51.37208147
2017-01,ANG MO KIO,4 ROOM,04 TO 06,97,New Generation,59 years 06 months,59.5,430000,53.22106309
2017-01,ANG MO KIO,4 ROOM,04 TO 06,92,New Generation,61 years 10 months,61.83333333,435000,48.64480874
2017-01,ANG MO KIO,4 ROOM,04 TO 06,91,New Generation,62 years 05 months,62.41666667,435000,52.53849975
2017-01,ANG MO KIO,4 ROOM,04 TO 06,92,New Generation,62 years 01 month,62.08333333,440000,48.65971187
2017-01,ANG MO KIO,4 ROOM,04 TO 06,97,New Generation,58 years 06 months,58.5,460000,49.20615996
2017-01,ANG MO KIO,4 ROOM,10 TO 12,97,New Generation,59 years 04 months,59.33333333,518000,49.22106309
2017-01,ANG MO KIO,4 ROOM,10 TO 12,99,New Generation,62 years 11 months,62.91666667,518000,58.50819672
2017-01,ANG MO KIO,4 ROOM,10 TO 12,98,New Generation,60 years 08 months,60.66666667,560000,58.35717834
2017-01,ANG MO KIO,4 ROOM,13 TO 15,90,DBSS,93 years 08 months,93.66666667,688000,48.87928465
2017-01,ANG MO KIO,4 ROOM,19 TO 21,91,DBSS,93 years 07 months,93.58333333,730000,49.00049677
2017-01,ANG MO KIO,4 ROOM,22 TO 24,91,DBSS,93 years 07 months,93.58333333,756000,49.00049677
2017-01,ANG MO KIO,5 ROOM,01 TO 03,117,Standard,60 years 01 month,60.08333333,500000,55.66020864
2017-01,ANG MO KIO,5 ROOM,13 TO 15,119,Improved,61 years,61,668000,57.91753602
2017-01,ANG MO KIO,5 ROOM,19 TO 21,118,Improved,62 years 08 months,62.66666667,668000,57.81122702
2017-01,ANG MO KIO,5 ROOM,13 TO 15,119,Improved,62 years 05 months,62.41666667,725000,59.93243915
2017-01,ANG MO KIO,5 ROOM,10 TO 12,112,DBSS,93 years 07 months,93.58333333,770000,55.54595132
2017-01,ANG MO KIO,5 ROOM,10 TO 12,121,Improved,94 years 08 months,94.66666667,832000,52.65176354
2017-01,ANG MO KIO,EXECUTIVE,07 TO 09,147,Apartment,78 years 04 months,78.33333333,888000,55.56482861
2017-01,BEDOK,2 ROOM,04 TO 06,45,Improved,60 years 06 months,60.5,238000,56.93293592
2017-01,BEDOK,3 ROOM,04 TO 06,68,New Generation,62 years 06 months,62.5,272000,47.75062096
2017-01,BEDOK,3 ROOM,07 TO 09,59,Improved,60 years,60,278000,44.62990561
2017-01,BEDOK,3 ROOM,01 TO 03,68,New Generation,62 years 05 months,62.41666667,280000,47.75062096
2017-01,BEDOK,3 ROOM,01 TO 03,59,Improved,58 years,58,280000,58.60009935
2017-01,BEDOK,3 ROOM,04 TO 06,63,Simplified,70 years 08 months,70.66666667,281000,49.26378539
2017-01,BEDOK,3 ROOM,04 TO 06,68,New Generation,63 years 04 months,63.33333333,285000,45.76552409
2017-01,BEDOK,3 ROOM,04 TO 06,68,New Generation,63 years 06 months,63.5,285000,45.76552409
2017-01,BEDOK,3 ROOM,10 TO 12,70,New Generation,67 years 07 months,67.58333333,287000,46.06756085
2017-01,BEDOK,3 ROOM,13 TO 15,68,New Generation,61 years 07 months,61.58333333,290000,45.73571783
2017-01,BEDOK,3 ROOM,10 TO 12,60,Improved,68 years 02 months,68.16666667,290000,44.87034277
2017-01,BEDOK,3 ROOM,04 TO 06,68,New Generation,62 years 06 months,62.5,293000,47.75062096
2017-01,BEDOK,3 ROOM,10 TO 12,60,Improved,68 years 03 months,68.25,300000,44.87034277
2017-01,BEDOK,3 ROOM,10 TO 12,67,New Generation,68 years 02 months,68.16666667,300000,49.71882762
2017-01,BEDOK,3 ROOM,13 TO 15,65,Improved,58 years,58,300000,45.32737208
2017-01,BEDOK,3 ROOM,07 TO 09,65,Improved,56 years,56,300000,51.29756582
2017-01,BEDOK,3 ROOM,13 TO 15,60,Improved,67 years 09 months,67.75,300000,44.85543964
2017-01,BEDOK,3 ROOM,07 TO 09,60,Improved,67 years 09 months,67.75,301888,44.85543964
2017-01,BEDOK,3 ROOM,04 TO 06,67,New Generation,59 years 08 months,59.66666667,305000,59.58469945
2017-01,BEDOK,3 ROOM,07 TO 09,68,New Generation,63 years 06 months,63.5,310000,45.76552409
2017-01,BEDOK,3 ROOM,01 TO 03,67,New Generation,67 years 05 months,67.41666667,310000,47.70392449
2017-01,BEDOK,3 ROOM,07 TO 09,68,New Generation,63 years 07 months,63.58333333,310000,45.76552409
2017-01,BEDOK,3 ROOM,04 TO 06,75,Model A,66 years 03 months,66.25,310000,46.65871833
2017-01,BEDOK,3 ROOM,07 TO 09,70,Improved,60 years 01 month,60.08333333,312000,45.96323895
2017-01,BEDOK,3 ROOM,10 TO 12,65,Improved,58 years,58,312000,59.32737208
2017-01,BEDOK,3 ROOM,04 TO 06,66,Improved,65 years 04 months,65.33333333,312000,51.55290611
2017-01,BEDOK,3 ROOM,07 TO 09,68,New Generation,63 years 06 months,63.5,313000,45.76552409
2017-01,BEDOK,3 ROOM,10 TO 12,67,New Generation,61 years,61,332000,50.61450571
2017-01,BEDOK,3 ROOM,04 TO 06,73,New Generation,60 years 04 months,60.33333333,336000,46.32687531
2017-01,BEDOK,3 ROOM,10 TO 12,82,New Generation,61 years,61,358000,61.43268753
2017-01,BEDOK,3 ROOM,01 TO 03,82,New Generation,67 years 05 months,67.41666667,360000,49.52210631
2017-01,BEDOK,3 ROOM,04 TO 06,82,New Generation,62 years,62,365000,47.44759066
2017-01,BEDOK,4 ROOM,04 TO 06,84,Simplified,69 years 05 months,69.41666667,350000,51.79433681
2017-01,BEDOK,4 ROOM,13 TO 15,90,Improved,59 years 11 months,59.91666667,350000,48.37257824
2017-01,BEDOK,4 ROOM,04 TO 06,84,Improved,59 years 08 months,59.66666667,350000,47.64530551
2017-01,BEDOK,4 ROOM,10 TO 12,90,Improved,59 years 08 months,59.66666667,358000,48.37257824
2017-01,BEDOK,4 ROOM,04 TO 06,82,Improved,58 years,58,358000,47.38797814
2017-01,BEDOK,4 ROOM,13 TO 15,82,Improved,58 years,58,375000,47.38797814
2017-01,BEDOK,4 ROOM,01 TO 03,91,New Generation,60 years 05 months,60.41666667,380000,48.50869349
2017-01,BEDOK,4 ROOM,04 TO 06,91,New Generation,60 years 07 months,60.58333333,382000,48.50869349
2017-01,BEDOK,4 ROOM,07 TO 09,84,Simplified,69 years 02 months,69.16666667,384000,51.79433681
2017-01,BEDOK,4 ROOM,13 TO 15,84,Simplified,69 years 03 months,69.25,385000,51.79433681
2017-01,BEDOK,4 ROOM,01 TO 03,91,New Generation,60 years 05 months,60.41666667,390000,48.50869349
2017-01,BEDOK,4 ROOM,07 TO 09,84,Simplified,68 years 10 months,68.83333333,392000,47.77943368
2017-01,BEDOK,4 ROOM,07 TO 09,84,Simplified,68 years 10 months,68.83333333,395000,47.77943368
2017-01,BEDOK,4 ROOM,07 TO 09,92,New Generation,60 years 04 months,60.33333333,395000,48.62990561
2017-01,BEDOK,4 ROOM,01 TO 03,91,New Generation,62 years 10 months,62.83333333,410000,57.53849975
2017-01,BEDOK,4 ROOM,04 TO 06,93,New Generation,62 years 05 months,62.41666667,412000,48.78092399
2017-01,BEDOK,4 ROOM,07 TO 09,98,New Generation,64 years 04 months,64.33333333,420000,49.41679086
2017-01,BEDOK,4 ROOM,13 TO 15,91,New Generation,60 years 05 months,60.41666667,425000,48.50869349
2017-01,BEDOK,4 ROOM,10 TO 12,92,New Generation,60 years 10 months,60.83333333,430000,52.62990561
2017-01,BEDOK,4 ROOM,04 TO 06,104,Model A,66 years 01 month,66.08333333,430000,50.17386985
2017-01,BEDOK,4 ROOM,04 TO 06,105,Premium Apartment,83 years,83,480000,54.53353204
2017-01,BEDOK,4 ROOM,13 TO 15,90,Model A,83 years 01 month,83.08333333,499000,48.73025335
2017-01,BEDOK,4 ROOM,07 TO 09,92,Model A,87 years 11 months,87.91666667,580000,49.03229011
2017-01,BEDOK,4 ROOM,04 TO 06,104,Model A,71 years 02 months,71.16666667,625000,54.24838549
2017-01,BEDOK,4 ROOM,10 TO 12,97,Model A,92 years 04 months,92.33333333,671000,56.71286637
2017-01,BEDOK,5 ROOM,01 TO 03,120,Improved,64 years 04 months,64.33333333,485000,52.08345753
2017-01,BEDOK,5 ROOM,07 TO 09,130,Adjoined flat,54 years 06 months,54.5,530000,53.14654744
2017-01,BEDOK,5 ROOM,04 TO 06,132,Model A,78 years 06 months,78.5,550000,57.7466468
2017-01,BEDOK,5 ROOM,16 TO 18,119,Improved,60 years 10 months,60.83333333,604000,65.90263289
2017-01,BEDOK,5 ROOM,16 TO 18,115,Premium Apartment,82 years 11 months,82.91666667,610000,55.74565325
2017-01,BEDOK,5 ROOM,13 TO 15,122,Improved,75 years 04 months,75.33333333,610000,52.48981619
2017-01,BEDOK,5 ROOM,04 TO 06,137,Model A-Maisonette,66 years 07 months,66.58333333,633000,58.17386985
2017-01,BEDOK,5 ROOM,01 TO 03,139,Model A-Maisonette,66 years 06 months,66.5,660000,58.41629409
2017-01,BEDOK,5 ROOM,13 TO 15,112,Improved,92 years 04 months,92.33333333,795000,64.53104819
2017-01,BEDOK,EXECUTIVE,04 TO 06,143,Apartment,75 years 11 months,75.91666667,668000,59.03527074
2017-01,BEDOK,EXECUTIVE,01 TO 03,146,Maisonette,68 years 04 months,68.33333333,670000,55.2945852
2017-01,BEDOK,EXECUTIVE,10 TO 12,145,Apartment,75 years 11 months,75.91666667,725000,59.27769498
2017-01,BEDOK,EXECUTIVE,10 TO 12,141,Apartment,75 years 04 months,75.33333333,730000,68.7928465
2017-01,BISHAN,3 ROOM,10 TO 12,68,Improved,55 years 09 months,55.75,275000,45.64629906
2017-01,BISHAN,3 ROOM,10 TO 12,64,Simplified,68 years 07 months,68.58333333,320000,54.35519126
2017-01,BISHAN,3 ROOM,04 TO 06,64,Simplified,67 years 11 months,67.91666667,395000,47.34028813
2017-01,BISHAN,4 ROOM,04 TO 06,84,Simplified,70 years 08 months,70.66666667,380000,47.80923994
2017-01,BISHAN,4 ROOM,04 TO 06,84,Simplified,70 years 08 months,70.66666667,475000,47.80923994
2017-01,BISHAN,4 ROOM,04 TO 06,84,Simplified,68 years,68,510000,53.77943368
2017-01,BISHAN,4 ROOM,04 TO 06,83,Simplified,69 years 01 month,69.08333333,513000,47.67312469
2017-01,BISHAN,4 ROOM,01 TO 03,84,Simplified,69 years 11 months,69.91666667,520000,47.79433681
2017-01,BISHAN,4 ROOM,07 TO 09,84,Simplified,67 years 11 months,67.91666667,530000,53.76453055
2017-01,BISHAN,4 ROOM,07 TO 09,84,Simplified,68 years,68,533000,56.77943368
2017-01,BISHAN,4 ROOM,01 TO 03,83,Simplified,69 years 01 month,69.08333333,583000,47.67312469
2017-01,BISHAN,4 ROOM,13 TO 15,108,Model A,74 years 06 months,74.5,625000,47.77794337
2017-01,BISHAN,4 ROOM,34 TO 36,95,DBSS,93 years 07 months,93.58333333,808000,49.48534526
2017-01,BISHAN,5 ROOM,04 TO 06,139,Model A,74 years 04 months,74.33333333,650000,54.53551913
2017-01,BISHAN,5 ROOM,01 TO 03,121,Improved,69 years 06 months,69.5,658740,52.2791853
2017-01,BISHAN,5 ROOM,07 TO 09,123,Improved,72 years 03 months,72.25,700000,58.56631893
2017-01,BISHAN,5 ROOM,22 TO 24,120,Improved,68 years,68,728888,61.14307004
2017-01,BISHAN,5 ROOM,07 TO 09,121,Improved,69 years 01 month,69.08333333,730000,54.2791853
2017-01,BISHAN,5 ROOM,07 TO 09,121,Improved,67 years 02 months,67.16666667,760000,63.24937904
2017-01,BISHAN,5 ROOM,04 TO 06,120,DBSS,93 years 08 months,93.66666667,830000,52.51564829
2017-01,BISHAN,EXECUTIVE,04 TO 06,146,Maisonette,74 years 04 months,74.33333333,888000,55.38400397
2017-01,BISHAN,EXECUTIVE,04 TO 06,143,Maisonette,68 years 10 months,68.83333333,895000,54.93094883
2017-01,BUKIT BATOK,3 ROOM,01 TO 03,64,Simplified,69 years 11 months,69.91666667,255000,45.37009439
2017-01,BUKIT BATOK,3 ROOM,04 TO 06,64,Simplified,69 years 06 months,69.5,255000,52.37009439
2017-01,BUKIT BATOK,3 ROOM,04 TO 06,68,New Generation,66 years 05 months,66.41666667,260000,45.81023348
2017-01,BUKIT BATOK,3 ROOM,10 TO 12,60,Improved,69 years 06 months,69.5,260000,53.8852459
2017-01,BUKIT BATOK,3 ROOM,01 TO 03,73,Model A,69 years 04 months,69.33333333,260000,53.46100348
2017-01,BUKIT BATOK,3 ROOM,04 TO 06,67,New Generation,66 years 11 months,66.91666667,269000,49.68902136
2017-01,BUKIT BATOK,3 ROOM,01 TO 03,67,New Generation,67 years 02 months,67.16666667,270000,45.70392449
2017-01,BUKIT BATOK,3 ROOM,07 TO 09,69,New Generation,67 years 05 months,67.41666667,275000,45.94634873
2017-01,BUKIT BATOK,3 ROOM,07 TO 09,73,Model A,66 years 11 months,66.91666667,278000,59.41629409
2017-01,BUKIT BATOK,3 ROOM,04 TO 06,67,New Generation,67 years 07 months,67.58333333,280000,51.70392449
2017-01,BUKIT BATOK,3 ROOM,07 TO 09,73,Model A,68 years,68,280000,50.44610035
2017-01,BUKIT BATOK,3 ROOM,07 TO 09,67,New Generation,67 years 02 months,67.16666667,285000,45.70392449
2017-01,BUKIT BATOK,3 ROOM,01 TO 03,69,New Generation,66 years 11 months,66.91666667,285000,51.9314456
2017-01,BUKIT BATOK,3 ROOM,07 TO 09,73,Model A,67 years 02 months,67.16666667,285000,46.43119722
2017-01,BUKIT BATOK,3 ROOM,04 TO 06,73,Model A,66 years 10 months,66.83333333,285000,46.41629409
2017-01,BUKIT BATOK,3 ROOM,01 TO 03,67,New Generation,80 years,80,292000,45.89766518
2017-01,BUKIT BATOK,3 ROOM,04 TO 06,73,Model A,67 years 05 months,67.41666667,300000,43.43119722
2017-01,BUKIT BATOK,3 ROOM,07 TO 09,68,New Generation,69 years 08 months,69.66666667,300000,49.85494287
2017-01,BUKIT BATOK,3 ROOM,10 TO 12,67,New Generation,66 years 11 months,66.91666667,300188,45.68902136
2017-01,BUKIT BATOK,3 ROOM,10 TO 12,73,Model A,66 years 11 months,66.91666667,303000,46.41629409
2017-01,BUKIT BATOK,3 ROOM,10 TO 12,73,Model A,66 years 09 months,66.75,305000,46.41629409
2017-01,BUKIT BATOK,3 ROOM,04 TO 06,69,New Generation,67 years 10 months,67.83333333,315000,42.94634873
2017-01,BUKIT BATOK,3 ROOM,07 TO 09,68,New Generation,66 years 10 months,66.83333333,335000,48.81023348
2017-01,BUKIT BATOK,4 ROOM,10 TO 12,84,Simplified,67 years 09 months,67.75,338000,54.76453055
2017-01,BUKIT BATOK,4 ROOM,01 TO 03,103,Model A,69 years 04 months,69.33333333,350000,57.09736711
2017-01,BUKIT BATOK,4 ROOM,16 TO 18,102,Model A,80 years 01 month,80.08333333,358000,47.14008942
2017-01,BUKIT BATOK,4 ROOM,04 TO 06,91,New Generation,67 years 10 months,67.83333333,375000,48.6130154
2017-01,BUKIT BATOK,4 ROOM,07 TO 09,103,Model A,67 years 06 months,67.5,380000,50.06756085
2017-01,BUKIT BATOK,4 ROOM,01 TO 03,100,Model A,80 years 01 month,80.08333333,395000,46.89766518
2017-01,BUKIT BATOK,4 ROOM,07 TO 09,92,Model A,86 years 08 months,86.66666667,408000,49.01738698
2017-01,BUKIT BATOK,4 ROOM,01 TO 03,104,Model A,71 years 06 months,71.5,410000,61.24838549
2017-01,BUKIT BATOK,4 ROOM,04 TO 06,103,Model A,71 years 03 months,71.25,411000,50.12717337
2017-01,BUKIT BATOK,4 ROOM,01 TO 03,107,Model A,67 years 02 months,67.16666667,430000,56.55240934
2017-01,BUKIT BATOK,4 ROOM,01 TO 03,108,Model A,67 years 04 months,67.33333333,430000,54.67362146
2017-01,BUKIT BATOK,4 ROOM,13 TO 15,90,Model A,86 years 11 months,86.91666667,440000,48.77496274
2017-01,BUKIT BATOK,4 ROOM,16 TO 18,92,Model A,86 years 10 months,86.83333333,440000,49.01738698
2017-01,BUKIT BATOK,4 ROOM,13 TO 15,98,Model A,79 years 05 months,79.41666667,440000,49.6403378
2017-01,BUKIT BATOK,4 ROOM,07 TO 09,104,Model A,65 years 10 months,65.83333333,450000,61.15896672
2017-01,BUKIT BATOK,4 ROOM,10 TO 12,104,Model A,67 years 03 months,67.25,450000,56.18877298
2017-01,BUKIT BATOK,4 ROOM,22 TO 24,86,Model A,86 years 08 months,86.66666667,455000,48.29011426
2017-01,BUKIT BATOK,4 ROOM,10 TO 12,104,Model A,67 years 02 months,67.16666667,456000,61.18877298
2017-01,BUKIT BATOK,4 ROOM,13 TO 15,99,Model A,79 years 05 months,79.41666667,465000,49.76154993
2017-01,BUKIT BATOK,4 ROOM,07 TO 09,101,Model A,79 years 05 months,79.41666667,500000,71.00397417
2017-01,BUKIT BATOK,5 ROOM,13 TO 15,121,Improved,80 years 01 month,80.08333333,495000,49.44311972
2017-01,BUKIT BATOK,EXECUTIVE,10 TO 12,150,Maisonette,66 years 11 months,66.91666667,664000,55.74962742
2017-01,BUKIT BATOK,EXECUTIVE,01 TO 03,155,Maisonette,67 years 03 months,67.25,680000,72.37059116
2017-01,BUKIT BATOK,EXECUTIVE,13 TO 15,144,Apartment,79 years 11 months,79.91666667,800000,52.21609538
2017-01,BUKIT MERAH,2 ROOM,07 TO 09,34,Standard,53 years 06 months,53.5,218000,41.49528068
2017-01,BUKIT MERAH,2 ROOM,07 TO 09,34,Standard,53 years 06 months,53.5,230000,41.49528068
2017-01,BUKIT MERAH,2 ROOM,07 TO 09,45,Improved,58 years,58,245000,51.90312966
2017-01,BUKIT MERAH,2 ROOM,07 TO 09,51,Standard,53 years 06 months,53.5,300000,57.55588674
2017-01,BUKIT MERAH,3 ROOM,04 TO 06,65,Improved,57 years 02 months,57.16666667,295000,42.31246895
2017-01,BUKIT MERAH,3 ROOM,04 TO 06,54,Standard,52 years 01 month,52.08333333,300000,43.90461997
2017-01,BUKIT MERAH,3 ROOM,10 TO 12,59,Improved,58 years 04 months,58.33333333,300000,44.60009935
2017-01,BUKIT MERAH,3 ROOM,10 TO 12,59,Improved,58 years 03 months,58.25,302000,44.60009935
2017-01,BUKIT MERAH,3 ROOM,01 TO 03,67,New Generation,61 years,61,313000,42.61450571
2017-01,BUKIT MERAH,3 ROOM,01 TO 03,65,Improved,58 years,58,322000,45.32737208
2017-01,BUKIT MERAH,3 ROOM,04 TO 06,58,Standard,51 years 06 months,51.5,333000,58.37456533
2017-01,BUKIT MERAH,3 ROOM,04 TO 06,73,New Generation,58 years 08 months,58.66666667,338000,50.29706905
2017-01,BUKIT MERAH,3 ROOM,10 TO 12,67,New Generation,61 years,61,340000,42.61450571
2017-01,BUKIT MERAH,3 ROOM,07 TO 09,67,New Generation,58 years 08 months,58.66666667,340000,45.56979632
2017-01,BUKIT MERAH,3 ROOM,04 TO 06,59,Improved,56 years 02 months,56.16666667,350000,47.57029309
2017-01,BUKIT MERAH,3 ROOM,07 TO 09,65,Improved,58 years,58,353000,45.32737208
2017-01,BUKIT MERAH,3 ROOM,07 TO 09,65,Improved,58 years,58,363000,54.32737208
2017-01,BUKIT MERAH,3 ROOM,07 TO 09,59,Standard,53 years 08 months,53.66666667,365000,53.52558371
2017-01,BUKIT MERAH,3 ROOM,04 TO 06,65,Improved,64 years 08 months,64.66666667,378000,45.41679086
2017-01,BUKIT MERAH,3 ROOM,07 TO 09,73,New Generation,60 years,60,385000,50.32687531
2017-01,BUKIT MERAH,3 ROOM,01 TO 03,76,Improved,55 years 06 months,55.5,400000,52.61599603
2017-01,BUKIT MERAH,3 ROOM,04 TO 06,67,New Generation,61 years 10 months,61.83333333,405000,54.61450571
2017-01,BUKIT MERAH,3 ROOM,13 TO 15,68,Premium Apartment,95 years 07 months,95.58333333,580000,50.24242424
2017-01,BUKIT MERAH,3 ROOM,01 TO 03,88,Standard,55 years 01 month,55.08333333,635000,54.07054148
2017-01,BUKIT MERAH,3 ROOM,01 TO 03,88,Standard,55 years,55,637000,54.07054148
2017-01,BUKIT MERAH,3 ROOM,01 TO 03,77,Standard,55 years,55,638000,46.73720815
2017-01,BUKIT MERAH,3 ROOM,22 TO 24,69,Model A,95 years 04 months,95.33333333,650000,52.36363636
2017-01,BUKIT MERAH,4 ROOM,01 TO 03,74,Standard,52 years 06 months,52.5,395000,46.32886239
2017-01,BUKIT MERAH,4 ROOM,04 TO 06,82,Improved,57 years 04 months,57.33333333,458000,44.37307501
2017-01,BUKIT MERAH,4 ROOM,07 TO 09,81,Improved,57 years,57,470000,47.25186289
2017-01,BUKIT MERAH,4 ROOM,04 TO 06,106,Model A,67 years 02 months,67.16666667,510000,47.43119722
2017-01,BUKIT MERAH,4 ROOM,04 TO 06,104,Model A,66 years 06 months,66.5,530000,47.17386985
2017-01,BUKIT MERAH,4 ROOM,10 TO 12,88,Improved,58 years,58,550000,48.11525087
2017-01,BUKIT MERAH,4 ROOM,13 TO 15,100,Model A,82 years 06 months,82.5,575000,41.92747144
2017-01,BUKIT MERAH,4 ROOM,16 TO 18,100,Model A,79 years 05 months,79.41666667,575000,51.88276205
2017-01,BUKIT MERAH,4 ROOM,04 TO 06,100,Model A,79 years 05 months,79.41666667,585000,51.88276205
2017-01,BUKIT MERAH,4 ROOM,01 TO 03,91,New Generation,67 years 08 months,67.66666667,595000,48.6130154
2017-01,BUKIT MERAH,4 ROOM,13 TO 15,103,Model A,79 years,79,608000,50.24639841
2017-01,BUKIT MERAH,4 ROOM,04 TO 06,95,Premium Apartment,95 years 08 months,95.66666667,648000,53.51515152
2017-01,BUKIT MERAH,4 ROOM,04 TO 06,95,Premium Apartment,95 years 07 months,95.58333333,680000,53.51515152
2017-01,BUKIT MERAH,4 ROOM,04 TO 06,95,Premium Apartment,95 years 07 months,95.58333333,688000,53.51515152
2017-01,BUKIT MERAH,4 ROOM,04 TO 06,90,Model A,90 years 11 months,90.91666667,690000,48.83457526
2017-01,BUKIT MERAH,4 ROOM,04 TO 06,100,Model A,87 years 11 months,87.91666667,690000,62.00198708
2017-01,BUKIT MERAH,4 ROOM,19 TO 21,90,Model A,87 years 10 months,87.83333333,722000,60.78986587
2017-01,BUKIT MERAH,4 ROOM,13 TO 15,85,Model A,90 years 11 months,90.91666667,735000,48.22851465
2017-01,BUKIT MERAH,4 ROOM,22 TO 24,85,Model A,90 years 11 months,90.91666667,748000,48.22851465
2017-01,BUKIT MERAH,4 ROOM,28 TO 30,89,Model A,95 years 04 months,95.33333333,790000,54.78787879
2017-01,BUKIT MERAH,4 ROOM,28 TO 30,95,Premium Apartment,95 years 07 months,95.58333333,865000,53.51515152
2017-01,BUKIT MERAH,4 ROOM,07 TO 09,81,Improved,57 years,57,470000,47.25186289
2017-01,BUKIT MERAH,5 ROOM,01 TO 03,115,Improved,82 years 08 months,82.66666667,580000,43.74565325
2017-01,BUKIT MERAH,5 ROOM,01 TO 03,122,Improved,68 years 06 months,68.5,595000,52.38549429
2017-01,BUKIT MERAH,5 ROOM,13 TO 15,120,Improved,81 years 02 months,81.16666667,655000,54.33681073
2017-01,BUKIT MERAH,5 ROOM,10 TO 12,134,Model A,66 years 06 months,66.5,680000,53.81023348
2017-01,BUKIT MERAH,5 ROOM,16 TO 18,118,Standard,60 years 06 months,60.5,725000,55.78142077
2017-01,BUKIT MERAH,5 ROOM,07 TO 09,117,Improved,56 years 05 months,56.41666667,740000,53.60059613
2017-01,BUKIT MERAH,5 ROOM,13 TO 15,119,Improved,65 years 05 months,65.41666667,820000,53.97714853
2017-01,BUKIT PANJANG,3 ROOM,10 TO 12,73,Model A,70 years 09 months,70.75,266000,50.47590661
2017-01,BUKIT PANJANG,3 ROOM,01 TO 03,73,Model A,70 years 09 months,70.75,276000,55.47590661
2017-01,BUKIT PANJANG,3 ROOM,07 TO 09,73,Model A,71 years 01 month,71.08333333,298000,57.49080974
2017-01,BUKIT PANJANG,3 ROOM,13 TO 15,68,Premium Apartment,94 years 10 months,94.83333333,325000,55.22752111
2017-01,BUKIT PANJANG,4 ROOM,04 TO 06,101,Model A,80 years 03 months,80.25,318000,64.0188773
2017-01,BUKIT PANJANG,4 ROOM,04 TO 06,90,Model A,83 years 11 months,83.91666667,320000,59.73025335
2017-01,BUKIT PANJANG,4 ROOM,01 TO 03,104,Model A,70 years 10 months,70.83333333,326000,56.23348236
2017-01,BUKIT PANJANG,4 ROOM,10 TO 12,104,Model A,71 years 02 months,71.16666667,330000,64.24838549
2017-01,BUKIT PANJANG,4 ROOM,04 TO 06,101,Model A,81 years 01 month,81.08333333,330000,64.03378043
2017-01,BUKIT PANJANG,4 ROOM,07 TO 09,90,Model A,83 years 11 months,83.91666667,330000,59.73025335
2017-01,BUKIT PANJANG,4 ROOM,04 TO 06,103,Model A,70 years 06 months,70.5,335000,59.11227024
2017-01,BUKIT PANJANG,4 ROOM,07 TO 09,108,Model A,70 years 09 months,70.75,335000,54.71833085
2017-01,BUKIT PANJANG,4 ROOM,10 TO 12,91,Premium Apartment,85 years,85,340000,57.88127173
2017-01,BUKIT PANJANG,4 ROOM,04 TO 06,103,Model A,70 years 09 months,70.75,343000,59.11227024
2017-01,BUKIT PANJANG,4 ROOM,16 TO 18,91,Premium Apartment,85 years,85,345000,57.88127173
2017-01,BUKIT PANJANG,4 ROOM,01 TO 03,100,Model A,81 years 05 months,81.41666667,354000,60.91256831
2017-01,BUKIT PANJANG,4 ROOM,07 TO 09,102,Model A,80 years 07 months,80.58333333,355000,64.14008942
2017-01,BUKIT PANJANG,4 ROOM,10 TO 12,104,Model A,69 years 05 months,69.41666667,355000,54.21857923
2017-01,BUKIT PANJANG,4 ROOM,07 TO 09,104,Model A,69 years 05 months,69.41666667,356000,54.21857923
2017-01,BUKIT PANJANG,4 ROOM,10 TO 12,102,Model A,80 years 10 months,80.83333333,360000,64.14008942
2017-01,BUKIT PANJANG,4 ROOM,07 TO 09,91,Premium Apartment,83 years 10 months,83.83333333,365000,59.85146547
2017-01,BUKIT PANJANG,4 ROOM,10 TO 12,90,Model A,83 years 11 months,83.91666667,370000,52.73025335
2017-01,BUKIT PANJANG,4 ROOM,07 TO 09,100,Model A,81 years 05 months,81.41666667,380000,60.91256831
2017-01,BUKIT PANJANG,4 ROOM,22 TO 24,93,Premium Apartment,86 years 09 months,86.75,408000,56.13859911
2017-01,BUKIT PANJANG,4 ROOM,07 TO 09,93,Premium Apartment,94 years 10 months,94.83333333,410000,60.25782414
2017-01,BUKIT PANJANG,4 ROOM,13 TO 15,101,Model A,79 years 09 months,79.75,438000,64.00397417
2017-01,BUKIT PANJANG,5 ROOM,04 TO 06,122,Improved,71 years 01 month,71.08333333,405000,66.43020368
2017-01,BUKIT PANJANG,5 ROOM,16 TO 18,110,Premium Apartment,84 years 10 months,84.83333333,405000,60.16939891
2017-01,BUKIT PANJANG,5 ROOM,01 TO 03,122,Improved,70 years 09 months,70.75,415000,61.41530055
2017-01,BUKIT PANJANG,5 ROOM,01 TO 03,122,Improved,80 years 11 months,80.91666667,425000,63.56433184
2017-01,BUKIT PANJANG,5 ROOM,04 TO 06,121,Improved,81 years 05 months,81.41666667,430000,63.45802285
2017-01,BUKIT PANJANG,5 ROOM,07 TO 09,122,Improved,70 years 08 months,70.66666667,442000,58.41530055
2017-01,BUKIT PANJANG,5 ROOM,10 TO 12,122,Improved,70 years 11 months,70.91666667,460000,63.41530055
2017-01,BUKIT PANJANG,5 ROOM,13 TO 15,111,Improved,84 years 04 months,84.33333333,475000,62.29061103
2017-01,BUKIT PANJANG,5 ROOM,16 TO 18,111,Premium Apartment,83 years 09 months,83.75,475000,62.2757079
2017-01,BUKIT PANJANG,5 ROOM,16 TO 18,120,Improved,81 years 04 months,81.33333333,506800,63.33681073
2017-01,BUKIT PANJANG,5 ROOM,07 TO 09,121,Improved,80 years 10 months,80.83333333,512000,58.44311972
2017-01,BUKIT PANJANG,5 ROOM,07 TO 09,121,Improved,80 years 10 months,80.83333333,520000,58.44311972
2017-01,BUKIT PANJANG,5 ROOM,10 TO 12,121,Improved,80 years 10 months,80.83333333,540000,58.44311972
2017-01,BUKIT PANJANG,5 ROOM,04 TO 06,122,Improved,79 years 07 months,79.58333333,555000,66.54942871
2017-01,BUKIT PANJANG,5 ROOM,07 TO 09,110,Improved,83 years 11 months,83.91666667,570000,60.15449578
2017-01,BUKIT PANJANG,5 ROOM,28 TO 30,121,Improved,81 years 03 months,81.25,620000,66.45802285
2017-01,BUKIT PANJANG,EXECUTIVE,01 TO 03,130,Premium Apartment,83 years 09 months,83.75,495000,64.5787382
2017-01,BUKIT PANJANG,EXECUTIVE,04 TO 06,151,Apartment,70 years 01 month,70.08333333,565000,64.93045206
2017-01,BUKIT PANJANG,EXECUTIVE,01 TO 03,146,Maisonette,70 years 05 months,70.41666667,592000,69.32439146
2017-01,BUKIT TIMAH,4 ROOM,07 TO 09,104,Model A,70 years 07 months,70.58333333,670000,56.23348236
2017-01,BUKIT TIMAH,5 ROOM,10 TO 12,120,Standard,56 years 03 months,56.25,890000,60.96423249
2017-01,BUKIT TIMAH,EXECUTIVE,01 TO 03,146,Maisonette,70 years 06 months,70.5,876888,59.32439146
2017-01,CENTRAL AREA,2 ROOM,04 TO 06,55,Improved,64 years,64,250000,44.20466965
2017-01,CENTRAL AREA,3 ROOM,01 TO 03,84,Model A,66 years 05 months,66.41666667,360000,58.74962742
2017-01,CENTRAL AREA,3 ROOM,16 TO 18,68,Improved,68 years 09 months,68.75,400000,59.84003974
2017-01,CENTRAL AREA,3 ROOM,07 TO 09,66,Standard,65 years 03 months,65.25,428000,59.55290611
2017-01,CENTRAL AREA,3 ROOM,07 TO 09,59,Improved,59 years 01 month,59.08333333,455000,53.61500248
2017-01,CENTRAL AREA,3 ROOM,16 TO 18,68,Improved,61 years 02 months,61.16666667,470000,37.73571783
2017-01,CENTRAL AREA,3 ROOM,16 TO 18,68,Improved,61 years 02 months,61.16666667,470000,37.73571783
2017-01,CENTRAL AREA,4 ROOM,16 TO 18,82,Improved,62 years 04 months,62.33333333,685000,61.44759066
2017-01,CENTRAL AREA,4 ROOM,04 TO 06,93,Type S1,93 years,93,788000,61.24292101
2017-01,CENTRAL AREA,4 ROOM,04 TO 06,95,Type S1,93 years,93,818000,54.48534526
2017-01,CENTRAL AREA,4 ROOM,37 TO 39,95,Type S1,93 years,93,903000,54.48534526
2017-01,CENTRAL AREA,5 ROOM,49 TO 51,105,Type S2,93 years,93,1108000,62.69746647
2017-01,CHOA CHU KANG,3 ROOM,10 TO 12,73,Model A,71 years 08 months,71.66666667,273000,60.49080974
2017-01,CHOA CHU KANG,3 ROOM,04 TO 06,73,Model A,71 years 08 months,71.66666667,285000,60.49080974
2017-01,CHOA CHU KANG,3 ROOM,07 TO 09,73,Model A,71 years 08 months,71.66666667,293000,63.49080974
2017-01,CHOA CHU KANG,4 ROOM,04 TO 06,104,Premium Apartment,82 years 03 months,82.25,316000,49.41231992
2017-01,CHOA CHU KANG,4 ROOM,01 TO 03,103,Model A,71 years 04 months,71.33333333,316000,61.12717337
2017-01,CHOA CHU KANG,4 ROOM,01 TO 03,104,Model A,75 years 05 months,75.41666667,318000,55.30799801
2017-01,CHOA CHU KANG,4 ROOM,01 TO 03,90,Model A,85 years 01 month,85.08333333,325000,48.76005961
2017-01,CHOA CHU KANG,4 ROOM,04 TO 06,103,Model A,71 years 04 months,71.33333333,325000,67.12717337
2017-01,CHOA CHU KANG,4 ROOM,04 TO 06,104,Model A,74 years 06 months,74.5,330000,54.29309488
2017-01,CHOA CHU KANG,4 ROOM,07 TO 09,105,Premium Apartment,81 years 09 months,81.75,340000,50.51862891
2017-01,CHOA CHU KANG,4 ROOM,01 TO 03,102,Model A,78 years 06 months,78.5,343000,56.11028316
2017-01,CHOA CHU KANG,4 ROOM,01 TO 03,104,Model A,71 years 04 months,71.33333333,345000,61.24838549
2017-01,CHOA CHU KANG,4 ROOM,04 TO 06,110,Model A,72 years 08 months,72.66666667,345000,64.99056135
2017-01,CHOA CHU KANG,4 ROOM,04 TO 06,91,Model A2,80 years 01 month,80.08333333,345000,59.80675609
2017-01,CHOA CHU KANG,4 ROOM,04 TO 06,104,Model A,75 years 05 months,75.41666667,350000,56.30799801
2017-01,CHOA CHU KANG,4 ROOM,01 TO 03,104,Model A,75 years 05 months,75.41666667,353000,56.30799801
2017-01,CHOA CHU KANG,4 ROOM,04 TO 06,104,Model A,72 years 03 months,72.25,353000,61.26328862
2017-01,CHOA CHU KANG,4 ROOM,04 TO 06,104,Model A,75 years 06 months,75.5,358000,55.30799801
2017-01,CHOA CHU KANG,4 ROOM,10 TO 12,104,Model A,74 years 06 months,74.5,358000,52.29309488
2017-01,CHOA CHU KANG,4 ROOM,01 TO 03,107,Model A,78 years 03 months,78.25,360000,59.71634377
2017-01,CHOA CHU KANG,4 ROOM,04 TO 06,104,Premium Apartment,81 years 04 months,81.33333333,370000,56.39741679
2017-01,CHOA CHU KANG,4 ROOM,10 TO 12,106,Model A,75 years 04 months,75.33333333,375000,54.55042226
2017-01,CHOA CHU KANG,4 ROOM,01 TO 03,106,Model A,78 years 03 months,78.25,380000,59.59513164
2017-01,CHOA CHU KANG,4 ROOM,10 TO 12,123,Model A,74 years 06 months,74.5,412888,58.59612519
2017-01,CHOA CHU KANG,4 ROOM,01 TO 03,113,Premium Apartment,80 years,80,420000,62.47342275
2017-01,CHOA CHU KANG,4 ROOM,10 TO 12,108,Model A,75 years 05 months,75.41666667,420000,61.7928465
2017-01,CHOA CHU KANG,4 ROOM,13 TO 15,123,Model A,74 years 06 months,74.5,425000,58.59612519
2017-01,CHOA CHU KANG,4 ROOM,13 TO 15,106,Model A,75 years 05 months,75.41666667,443000,61.55042226
2017-01,CHOA CHU KANG,5 ROOM,04 TO 06,123,Premium Apartment,82 years 01 month,82.08333333,380000,51.71535022
2017-01,CHOA CHU KANG,5 ROOM,07 TO 09,110,Improved,84 years 03 months,84.25,385000,51.16939891
2017-01,CHOA CHU KANG,5 ROOM,10 TO 12,110,Improved,85 years 01 month,85.08333333,390000,51.18430204
2017-01,CHOA CHU KANG,5 ROOM,16 TO 18,110,Improved,84 years 03 months,84.25,400000,51.16939891
2017-01,CHOA CHU KANG,5 ROOM,04 TO 06,126,Improved,77 years 05 months,77.41666667,400000,59.00447094
2017-01,CHOA CHU KANG,5 ROOM,04 TO 06,124,Improved,77 years 07 months,77.58333333,408000,57.7620467
2017-01,CHOA CHU KANG,5 ROOM,19 TO 21,110,Improved,85 years 04 months,85.33333333,418000,51.18430204
2017-01,CHOA CHU KANG,5 ROOM,13 TO 15,120,Improved,81 years 03 months,81.25,430000,57.33681073
2017-01,CHOA CHU KANG,5 ROOM,04 TO 06,123,Improved,75 years 05 months,75.41666667,435000,66.61102832
2017-01,CHOA CHU KANG,5 ROOM,07 TO 09,121,Improved,79 years 04 months,79.33333333,500000,66.42821659
2017-01,CHOA CHU KANG,5 ROOM,10 TO 12,131,Model A,78 years 09 months,78.75,522000,67.62543467
2017-01,CHOA CHU KANG,EXECUTIVE,10 TO 12,141,Premium Apartment,82 years 01 month,82.08333333,512800,56.89716841
2017-01,CHOA CHU KANG,EXECUTIVE,07 TO 09,141,Premium Apartment,81 years 06 months,81.5,520000,59.88226528
2017-01,CHOA CHU KANG,EXECUTIVE,04 TO 06,147,Maisonette,78 years,78,554000,64.56482861
2017-01,CHOA CHU KANG,EXECUTIVE,16 TO 18,141,Apartment,81 years 05 months,81.41666667,560000,54.88226528
2017-01,CHOA CHU KANG,EXECUTIVE,13 TO 15,142,Apartment,71 years 03 months,71.25,575000,65.8544461
2017-01,CLEMENTI,3 ROOM,04 TO 06,68,New Generation,63 years 08 months,63.66666667,263800,44.76552409
2017-01,CLEMENTI,3 ROOM,04 TO 06,68,New Generation,63 years 08 months,63.66666667,270000,44.76552409
2017-01,CLEMENTI,3 ROOM,04 TO 06,67,New Generation,62 years 08 months,62.66666667,280000,45.62940884
2017-01,CLEMENTI,3 ROOM,04 TO 06,67,New Generation,61 years 10 months,61.83333333,290000,47.61450571
2017-01,CLEMENTI,3 ROOM,04 TO 06,68,New Generation,63 years 07 months,63.58333333,326000,49.76552409
2017-01,CLEMENTI,3 ROOM,10 TO 12,67,New Generation,61 years 02 months,61.16666667,335000,45.61450571
2017-01,CLEMENTI,3 ROOM,01 TO 03,67,New Generation,66 years 11 months,66.91666667,345000,42.68902136
2017-01,CLEMENTI,3 ROOM,07 TO 09,67,New Generation,61 years 10 months,61.83333333,348000,45.61450571
2017-01,CLEMENTI,3 ROOM,10 TO 12,67,New Generation,60 years 08 months,60.66666667,355000,45.59960258
2017-01,CLEMENTI,3 ROOM,10 TO 12,67,New Generation,60 years 06 months,60.5,365000,54.59960258
2017-01,CLEMENTI,3 ROOM,13 TO 15,82,New Generation,62 years 08 months,62.66666667,368000,47.44759066
2017-01,CLEMENTI,3 ROOM,10 TO 12,67,New Generation,61 years 02 months,61.16666667,370000,45.61450571
2017-01,CLEMENTI,3 ROOM,04 TO 06,82,New Generation,60 years,60,415000,56.4177844
2017-01,CLEMENTI,3 ROOM,01 TO 03,82,New Generation,63 years 08 months,63.66666667,425000,47.46249379
2017-01,CLEMENTI,3 ROOM,04 TO 06,82,New Generation,62 years 05 months,62.41666667,430000,68.44759066
2017-01,CLEMENTI,3 ROOM,13 TO 15,70,Model A,95 years 08 months,95.66666667,528000,46.48484848
2017-01,CLEMENTI,4 ROOM,01 TO 03,93,New Generation,62 years 07 months,62.58333333,385000,47.78092399
2017-01,CLEMENTI,4 ROOM,01 TO 03,92,New Generation,63 years 08 months,63.66666667,397000,47.674615
2017-01,CLEMENTI,4 ROOM,04 TO 06,91,New Generation,62 years 06 months,62.5,425000,45.53849975
2017-01,CLEMENTI,4 ROOM,01 TO 03,103,Model A,65 years 09 months,65.75,440000,49.0377546
2017-01,CLEMENTI,4 ROOM,10 TO 12,91,New Generation,63 years 08 months,63.66666667,461000,47.55340288
2017-01,CLEMENTI,4 ROOM,01 TO 03,92,New Generation,61 years 02 months,61.16666667,488000,48.64480874
2017-01,CLEMENTI,4 ROOM,10 TO 12,97,New Generation,60 years 02 months,60.16666667,548000,41.23596622
2017-01,CLEMENTI,4 ROOM,04 TO 06,91,New Generation,60 years 01 month,60.08333333,552000,69.50869349
2017-01,CLEMENTI,4 ROOM,10 TO 12,92,New Generation,61 years 10 months,61.83333333,575000,48.64480874
2017-01,CLEMENTI,4 ROOM,07 TO 09,90,Model A,88 years 10 months,88.83333333,620000,60.804769
2017-01,CLEMENTI,5 ROOM,01 TO 03,118,Improved,63 years,63,560000,50.82613015
2017-01,CLEMENTI,5 ROOM,07 TO 09,118,Improved,63 years,63,618000,50.82613015
2017-01,GEYLANG,2 ROOM,07 TO 09,42,Standard,53 years,53,205000,46.46497765
2017-01,GEYLANG,2 ROOM,10 TO 12,42,Standard,53 years,53,215000,51.46497765
2017-01,GEYLANG,2 ROOM,10 TO 12,46,Standard,55 years 06 months,55.5,220000,42.97963239
2017-01,GEYLANG,3 ROOM,01 TO 03,60,Standard,49 years,49,230000,48.58718331
2017-01,GEYLANG,3 ROOM,04 TO 06,60,Standard,49 years,49,235000,48.58718331
2017-01,GEYLANG,3 ROOM,01 TO 03,56,Standard,51 years,51,238000,53.13214108
2017-01,GEYLANG,3 ROOM,01 TO 03,61,Standard,51 years,51,255000,56.73820169
2017-01,GEYLANG,3 ROOM,04 TO 06,64,Standard,50 years 05 months,50.41666667,256000,49.08693492
2017-01,GEYLANG,3 ROOM,04 TO 06,59,Standard,54 years 11 months,54.91666667,260000,48.54048684
2017-01,GEYLANG,3 ROOM,01 TO 03,60,Standard,49 years,49,262000,44.58718331
2017-01,GEYLANG,3 ROOM,01 TO 03,59,Standard,49 years,49,263000,48.46597119
2017-01,GEYLANG,3 ROOM,01 TO 03,55,Standard,51 years,51,269000,51.01092896
2017-01,GEYLANG,3 ROOM,07 TO 09,57,Standard,55 years 06 months,55.5,272000,44.31296572
2017-01,GEYLANG,3 ROOM,04 TO 06,59,Improved,59 years 05 months,59.41666667,275000,45.61500248
2017-01,GEYLANG,3 ROOM,04 TO 06,61,Standard,51 years,51,280000,56.73820169
2017-01,GEYLANG,3 ROOM,04 TO 06,64,Simplified,82 years 04 months,82.33333333,320000,54.56383507
2017-01,GEYLANG,3 ROOM,04 TO 06,65,Improved,58 years 06 months,58.5,328000,45.32737208
2017-01,GEYLANG,3 ROOM,07 TO 09,56,Standard,51 years,51,330000,53.13214108
2017-01,GEYLANG,3 ROOM,13 TO 15,72,Standard,53 years,53,338000,50.10134128
2017-01,GEYLANG,3 ROOM,10 TO 12,65,Improved,58 years 06 months,58.5,368000,54.32737208
2017-01,GEYLANG,3 ROOM,10 TO 12,74,Model A,65 years 07 months,65.58333333,390000,49.52260308
2017-01,GEYLANG,3 ROOM,16 TO 18,60,Model A,89 years,89,459888,54.18330849
2017-01,GEYLANG,4 ROOM,01 TO 03,84,Simplified,67 years 07 months,67.58333333,355000,51.76453055
2017-01,GEYLANG,4 ROOM,01 TO 03,109,Model A,72 years 05 months,72.41666667,420000,50.86934923
2017-01,GEYLANG,4 ROOM,10 TO 12,91,New Generation,67 years 02 months,67.16666667,455000,55.6130154
2017-01,GEYLANG,4 ROOM,07 TO 09,104,Model A,72 years 03 months,72.25,485000,50.26328862
2017-01,GEYLANG,4 ROOM,04 TO 06,110,Model A,78 years 05 months,78.41666667,512500,55.07998013
2017-01,GEYLANG,4 ROOM,10 TO 12,91,New Generation,64 years 04 months,64.33333333,515000,60.56830601
2017-01,GEYLANG,4 ROOM,10 TO 12,92,New Generation,58 years 07 months,58.58333333,566000,50.60009935
2017-01,GEYLANG,5 ROOM,01 TO 03,123,Improved,68 years 10 months,68.83333333,680000,56.50670641
2017-01,GEYLANG,5 ROOM,10 TO 12,142,Model A-Maisonette,66 years 09 months,66.75,770000,58.77993045
2017-01,GEYLANG,5 ROOM,10 TO 12,120,Improved,80 years 05 months,80.41666667,830000,56.3219076
2017-01,HOUGANG,2 ROOM,10 TO 12,47,Model A,94 years 04 months,94.33333333,252000,42.68206657
2017-01,HOUGANG,3 ROOM,01 TO 03,73,New Generation,60 years 04 months,60.33333333,260000,46.32687531
2017-01,HOUGANG,3 ROOM,01 TO 03,60,Improved,69 years,69,268000,45.8852459
2017-01,HOUGANG,3 ROOM,01 TO 03,67,New Generation,60 years 05 months,60.41666667,269000,47.59960258
2017-01,HOUGANG,3 ROOM,01 TO 03,67,New Generation,66 years 03 months,66.25,270000,47.68902136
2017-01,HOUGANG,3 ROOM,01 TO 03,60,Improved,67 years 09 months,67.75,275000,44.85543964
2017-01,HOUGANG,3 ROOM,04 TO 06,69,Improved,67 years 06 months,67.5,280000,46.94634873
2017-01,HOUGANG,3 ROOM,04 TO 06,68,New Generation,65 years 04 months,65.33333333,285000,47.79533035
2017-01,HOUGANG,3 ROOM,04 TO 06,64,Simplified,68 years 04 months,68.33333333,290000,52.35519126
2017-01,HOUGANG,3 ROOM,07 TO 09,64,Simplified,68 years 09 months,68.75,290000,50.35519126
2017-01,HOUGANG,3 ROOM,04 TO 06,64,Simplified,68 years 09 months,68.75,292000,50.35519126
2017-01,HOUGANG,3 ROOM,01 TO 03,67,New Generation,65 years,65,292000,47.67411823
2017-01,HOUGANG,3 ROOM,07 TO 09,73,New Generation,60 years 04 months,60.33333333,305000,48.32687531
2017-01,HOUGANG,3 ROOM,10 TO 12,67,New Generation,65 years 02 months,65.16666667,308000,45.67411823
2017-01,HOUGANG,3 ROOM,07 TO 09,67,New Generation,65 years 09 months,65.75,309888,45.67411823
2017-01,HOUGANG,3 ROOM,04 TO 06,67,New Generation,66 years 11 months,66.91666667,316500,50.68902136
2017-01,HOUGANG,4 ROOM,07 TO 09,98,New Generation,67 years 10 months,67.83333333,320000,49.46150025
2017-01,HOUGANG,4 ROOM,01 TO 03,85,Simplified,71 years 07 months,71.58333333,335000,50.94535519
2017-01,HOUGANG,4 ROOM,01 TO 03,93,New Generation,75 years 03 months,75.25,338000,53.97466468
2017-01,HOUGANG,4 ROOM,01 TO 03,91,New Generation,67 years 05 months,67.41666667,350000,48.6130154
2017-01,HOUGANG,4 ROOM,04 TO 06,93,New Generation,65 years 01 month,65.08333333,353000,48.82563338
2017-01,HOUGANG,4 ROOM,10 TO 12,84,Simplified,67 years 07 months,67.58333333,357000,54.76453055
2017-01,HOUGANG,4 ROOM,04 TO 06,91,New Generation,67 years 06 months,67.5,358000,51.6130154
2017-01,HOUGANG,4 ROOM,01 TO 03,104,Model A,69 years,69,360000,50.21857923
2017-01,HOUGANG,4 ROOM,04 TO 06,92,Model A2,79 years 10 months,79.83333333,380000,45.91306508
2017-01,HOUGANG,4 ROOM,04 TO 06,104,Model A,65 years 04 months,65.33333333,390000,50.15896672
2017-01,HOUGANG,4 ROOM,04 TO 06,104,Model A,67 years 03 months,67.25,390000,47.18877298
2017-01,HOUGANG,4 ROOM,07 TO 09,105,Model A,71 years 06 months,71.5,398000,52.36959762
2017-01,HOUGANG,4 ROOM,10 TO 12,101,Model A,80 years,80,403000,51.0188773
2017-01,HOUGANG,4 ROOM,07 TO 09,103,Model A,73 years 04 months,73.33333333,418000,50.15697963
2017-01,HOUGANG,4 ROOM,07 TO 09,100,Model A,80 years 10 months,80.83333333,420000,54.89766518
2017-01,HOUGANG,4 ROOM,13 TO 15,96,New Generation,66 years 09 months,66.75,420000,54.20417288
2017-01,HOUGANG,4 ROOM,04 TO 06,105,Model A,72 years 03 months,72.25,430000,54.38450075
2017-01,HOUGANG,4 ROOM,10 TO 12,104,Model A,68 years,68,430000,50.20367611
2017-01,HOUGANG,4 ROOM,07 TO 09,91,New Generation,68 years,68,431000,57.62791853
2017-01,HOUGANG,4 ROOM,13 TO 15,113,Model A,72 years 04 months,72.33333333,433000,55.35419771
2017-01,HOUGANG,4 ROOM,10 TO 12,108,Model A,66 years 11 months,66.91666667,438000,52.65871833
2017-01,HOUGANG,4 ROOM,10 TO 12,103,Model A,74 years 08 months,74.66666667,442500,59.17188276
2017-01,HOUGANG,4 ROOM,04 TO 06,105,Model A,74 years 09 months,74.75,457000,56.414307
2017-01,HOUGANG,4 ROOM,13 TO 15,104,Model A,74 years 08 months,74.66666667,510000,61.29309488
2017-01,HOUGANG,5 ROOM,01 TO 03,120,Improved,80 years 02 months,80.16666667,402800,49.3219076
2017-01,HOUGANG,5 ROOM,07 TO 09,121,Improved,79 years 10 months,79.83333333,420000,55.42821659
2017-01,HOUGANG,5 ROOM,04 TO 06,116,Improved,81 years 10 months,81.83333333,420000,48.85196225
2017-01,HOUGANG,5 ROOM,01 TO 03,120,Improved,80 years 01 month,80.08333333,420000,58.3219076
2017-01,HOUGANG,5 ROOM,07 TO 09,110,Improved,86 years 05 months,86.41666667,425000,56.19920517
2017-01,HOUGANG,5 ROOM,16 TO 18,110,Improved,85 years 06 months,85.5,450000,48.18430204
2017-01,HOUGANG,5 ROOM,10 TO 12,118,Improved,79 years 01 month,79.08333333,450000,57.06458023
2017-01,HOUGANG,5 ROOM,07 TO 09,121,Improved,80 years 01 month,80.08333333,450000,49.44311972
2017-01,HOUGANG,5 ROOM,13 TO 15,122,Improved,80 years 01 month,80.08333333,455000,49.56433184
2017-01,HOUGANG,5 ROOM,10 TO 12,117,Improved,79 years 05 months,79.41666667,459888,56.94336811
2017-01,HOUGANG,5 ROOM,16 TO 18,120,Improved,80 years 07 months,80.58333333,465000,49.3219076
2017-01,HOUGANG,5 ROOM,04 TO 06,120,Improved,79 years 10 months,79.83333333,470000,55.30700447
2017-01,HOUGANG,5 ROOM,10 TO 12,122,Improved,68 years 07 months,68.58333333,480000,55.38549429
2017-01,HOUGANG,5 ROOM,10 TO 12,115,Improved,81 years 04 months,81.33333333,481000,48.73075012
2017-01,HOUGANG,5 ROOM,10 TO 12,120,Improved,80 years 06 months,80.5,485000,49.3219076
2017-01,HOUGANG,5 ROOM,07 TO 09,128,Improved,74 years 09 months,74.75,495000,53.20218579
2017-01,HOUGANG,5 ROOM,07 TO 09,120,Improved,80 years,80,520000,49.3219076
2017-01,HOUGANG,5 ROOM,01 TO 03,140,Model A-Maisonette,66 years 11 months,66.91666667,585000,51.53750621
2017-01,HOUGANG,5 ROOM,07 TO 09,124,Improved,74 years 08 months,74.66666667,605000,54.71733731
2017-01,HOUGANG,5 ROOM,16 TO 18,123,Improved,81 years 10 months,81.83333333,633000,52.70044709
2017-01,HOUGANG,5 ROOM,13 TO 15,124,Improved,74 years 08 months,74.66666667,675000,66.71733731
2017-01,HOUGANG,EXECUTIVE,01 TO 03,141,Apartment,80 years 01 month,80.08333333,575000,60.86736215
2017-01,HOUGANG,EXECUTIVE,01 TO 03,150,Maisonette,74 years 11 months,74.91666667,605000,57.86885246
2017-01,HOUGANG,EXECUTIVE,04 TO 06,148,Maisonette,68 years 07 months,68.58333333,608888,56.53700944
2017-01,HOUGANG,EXECUTIVE,01 TO 03,156,Maisonette,68 years 08 months,68.66666667,650000,65.50670641
2017-01,HOUGANG,EXECUTIVE,10 TO 12,157,Maisonette,68 years 05 months,68.41666667,692000,56.62791853
2017-01,JURONG EAST,3 ROOM,13 TO 15,72,Improved,61 years 05 months,61.41666667,250000,43.22056632
2017-01,JURONG EAST,3 ROOM,04 TO 06,67,Improved,48 years 09 months,48.75,250000,42.42076503
2017-01,JURONG EAST,3 ROOM,01 TO 03,68,New Generation,65 years 05 months,65.41666667,257500,45.79533035
2017-01,JURONG EAST,3 ROOM,04 TO 06,67,New Generation,68 years 05 months,68.41666667,260000,45.71882762
2017-01,JURONG EAST,3 ROOM,04 TO 06,67,New Generation,63 years 05 months,63.41666667,265000,45.64431197
2017-01,JURONG EAST,3 ROOM,04 TO 06,72,Improved,61 years 04 months,61.33333333,270000,43.22056632
2017-01,JURONG EAST,3 ROOM,07 TO 09,74,Model A,65 years 06 months,65.5,290000,53.52260308
2017-01,JURONG EAST,3 ROOM,04 TO 06,68,New Generation,65 years 03 months,65.25,290000,45.79533035
2017-01,JURONG EAST,3 ROOM,10 TO 12,72,Improved,61 years 04 months,61.33333333,295000,43.22056632
2017-01,JURONG EAST,3 ROOM,04 TO 06,71,New Generation,67 years 05 months,67.41666667,300000,50.18877298
2017-01,JURONG EAST,3 ROOM,04 TO 06,67,New Generation,65 years 03 months,65.25,302000,47.67411823
2017-01,JURONG EAST,3 ROOM,04 TO 06,67,New Generation,67 years 05 months,67.41666667,308888,49.70392449
2017-01,JURONG EAST,3 ROOM,04 TO 06,67,New Generation,63 years 04 months,63.33333333,313000,49.64431197
2017-01,JURONG EAST,3 ROOM,01 TO 03,68,New Generation,65 years 02 months,65.16666667,330000,47.79533035
2017-01,JURONG EAST,3 ROOM,04 TO 06,67,New Generation,65 years 03 months,65.25,330000,45.67411823
2017-01,JURONG EAST,3 ROOM,13 TO 15,74,Model A,65 years 05 months,65.41666667,336000,53.52260308
2017-01,JURONG EAST,4 ROOM,07 TO 09,91,Model A,85 years 06 months,85.5,362000,45.88127173
2017-01,JURONG EAST,4 ROOM,01 TO 03,104,Model A,66 years 04 months,66.33333333,390000,53.17386985
2017-01,JURONG EAST,4 ROOM,04 TO 06,90,New Generation,63 years 05 months,63.41666667,395000,52.43219076
2017-01,JURONG EAST,4 ROOM,01 TO 03,90,Model A2,80 years 10 months,80.83333333,398000,50.68554396
2017-01,JURONG EAST,4 ROOM,10 TO 12,105,Model A,67 years 01 month,67.08333333,420000,53.3099851
2017-01,JURONG EAST,4 ROOM,07 TO 09,104,Model A,65 years 05 months,65.41666667,426000,57.15896672
2017-01,JURONG EAST,4 ROOM,13 TO 15,104,Model A,66 years 07 months,66.58333333,450000,53.17386985
2017-01,JURONG EAST,4 ROOM,19 TO 21,92,Model A,95 years 09 months,95.75,450000,46.15151515
2017-01,JURONG EAST,4 ROOM,04 TO 06,101,Model A,80 years 09 months,80.75,470000,50.0188773
2017-01,JURONG EAST,4 ROOM,25 TO 27,92,Model A,95 years 08 months,95.66666667,475000,46.15151515
2017-01,JURONG EAST,4 ROOM,04 TO 06,100,Model A,81 years 03 months,81.25,490000,49.91256831
2017-01,JURONG EAST,4 ROOM,13 TO 15,102,Model A,81 years 01 month,81.08333333,507000,50.15499255
2017-01,JURONG EAST,4 ROOM,10 TO 12,100,Model A,82 years 02 months,82.16666667,520000,49.92747144
2017-01,JURONG EAST,4 ROOM,04 TO 06,101,Model A,80 years 09 months,80.75,470000,50.0188773
2017-01,JURONG EAST,5 ROOM,10 TO 12,131,Model A,66 years 10 months,66.83333333,450000,53.44659712
2017-01,JURONG EAST,5 ROOM,16 TO 18,117,Standard,61 years 09 months,61.75,518888,48.67511177
2017-01,JURONG EAST,5 ROOM,04 TO 06,120,Improved,63 years 08 months,63.66666667,525000,52.0685544
2017-01,JURONG EAST,5 ROOM,10 TO 12,134,Model A,66 years 06 months,66.5,538000,57.81023348
2017-01,JURONG EAST,5 ROOM,16 TO 18,120,Improved,66 years 05 months,66.41666667,625000,56.11326379
2017-01,JURONG EAST,EXECUTIVE,01 TO 03,144,Apartment,68 years 06 months,68.5,500000,52.05216095
2017-01,JURONG WEST,2 ROOM,01 TO 03,56,Premium Apartment,90 years 07 months,90.58333333,240000,48.71336314
2017-01,JURONG WEST,2 ROOM,07 TO 09,52,Premium Apartment,90 years 07 months,90.58333333,258000,48.22851465
2017-01,JURONG WEST,3 ROOM,19 TO 21,59,Improved,57 years 09 months,57.75,240000,46.58519622
2017-01,JURONG WEST,3 ROOM,01 TO 03,67,Improved,54 years,54,240000,48.51018381
2017-01,JURONG WEST,3 ROOM,04 TO 06,59,Improved,60 years 06 months,60.5,245000,46.62990561
2017-01,JURONG WEST,3 ROOM,07 TO 09,67,Improved,53 years 05 months,53.41666667,245000,53.49528068
2017-01,JURONG WEST,3 ROOM,10 TO 12,59,Improved,60 years 06 months,60.5,251000,43.62990561
2017-01,JURONG WEST,3 ROOM,10 TO 12,67,Improved,54 years,54,265000,48.51018381
2017-01,JURONG WEST,3 ROOM,04 TO 06,73,Model A,70 years 06 months,70.5,268000,43.47590661
2017-01,JURONG WEST,3 ROOM,07 TO 09,64,Simplified,67 years 05 months,67.41666667,269000,48.34028813
2017-01,JURONG WEST,3 ROOM,07 TO 09,73,Model A,71 years 04 months,71.33333333,275000,43.49080974
2017-01,JURONG WEST,3 ROOM,04 TO 06,73,Model A,70 years 06 months,70.5,275000,43.47590661
2017-01,JURONG WEST,3 ROOM,04 TO 06,73,Model A,71 years,71,275000,46.49080974
2017-01,JURONG WEST,3 ROOM,19 TO 21,65,Improved,58 years 10 months,58.83333333,279000,50.32737208
2017-01,JURONG WEST,3 ROOM,10 TO 12,73,Model A,70 years 07 months,70.58333333,280000,43.47590661
2017-01,JURONG WEST,3 ROOM,01 TO 03,74,Model A,65 years 06 months,65.5,290000,55.52260308
2017-01,JURONG WEST,4 ROOM,19 TO 21,92,Model A,92 years 03 months,92.25,470000,51.10680576
2017-01,JURONG WEST,3 ROOM,07 TO 09,67,New Generation,65 years 07 months,65.58333333,295000,47.67411823
2017-01,JURONG WEST,3 ROOM,07 TO 09,67,New Generation,65 years 07 months,65.58333333,305000,47.67411823
2017-01,JURONG WEST,3 ROOM,07 TO 09,74,Model A,66 years 10 months,66.83333333,310000,50.53750621
2017-01,JURONG WEST,3 ROOM,01 TO 03,79,Model A,66 years 02 months,66.16666667,315000,51.14356682
2017-01,JURONG WEST,3 ROOM,04 TO 06,74,Model A,66 years 04 months,66.33333333,320000,50.53750621
2017-01,JURONG WEST,3 ROOM,07 TO 09,82,New Generation,64 years 03 months,64.25,355000,47.47739692
2017-01,JURONG WEST,4 ROOM,04 TO 06,104,Model A,72 years 02 months,72.16666667,310000,52.26328862
2017-01,JURONG WEST,4 ROOM,07 TO 09,96,Model A,83 years 04 months,83.33333333,330000,55.45752608
2017-01,JURONG WEST,4 ROOM,01 TO 03,108,Model A,78 years 07 months,78.58333333,338000,52.83755589
2017-01,JURONG WEST,4 ROOM,13 TO 15,85,Model A2,84 years 01 month,84.08333333,340000,45.13909588
2017-01,JURONG WEST,4 ROOM,01 TO 03,107,Model A,77 years 05 months,77.41666667,340000,52.70144064
2017-01,JURONG WEST,4 ROOM,07 TO 09,106,Model A,78 years 08 months,78.66666667,342500,52.59513164
2017-01,JURONG WEST,4 ROOM,04 TO 06,111,Model A,72 years 10 months,72.83333333,343000,56.11177347
2017-01,JURONG WEST,4 ROOM,13 TO 15,90,Model A,83 years 11 months,83.91666667,345000,45.73025335
2017-01,JURONG WEST,4 ROOM,07 TO 09,103,Model A,71 years 03 months,71.25,345000,47.12717337
2017-01,JURONG WEST,4 ROOM,04 TO 06,108,Model A,78 years 03 months,78.25,346500,47.83755589
2017-01,JURONG WEST,4 ROOM,10 TO 12,104,Model A,71 years 11 months,71.91666667,348000,55.24838549
2017-01,JURONG WEST,4 ROOM,04 TO 06,107,Model A,76 years,76,350000,52.67163438
2017-01,JURONG WEST,4 ROOM,07 TO 09,108,Model A,78 years 02 months,78.16666667,350000,47.83755589
2017-01,JURONG WEST,4 ROOM,07 TO 09,105,Model A,71 years 05 months,71.41666667,350000,47.36959762
2017-01,JURONG WEST,4 ROOM,04 TO 06,104,Model A,72 years 07 months,72.58333333,352000,51.26328862
2017-01,JURONG WEST,4 ROOM,10 TO 12,106,Model A,75 years 05 months,75.41666667,355000,52.55042226
2017-01,JURONG WEST,4 ROOM,01 TO 03,107,Model A,78 years 08 months,78.66666667,355000,52.71634377
2017-01,JURONG WEST,4 ROOM,04 TO 06,103,Model A,67 years 02 months,67.16666667,360000,47.06756085
2017-01,JURONG WEST,4 ROOM,04 TO 06,103,Model A,71 years 04 months,71.33333333,360000,50.12717337
2017-01,JURONG WEST,4 ROOM,04 TO 06,109,Model A,76 years,76,362000,52.91405862
2017-01,JURONG WEST,4 ROOM,04 TO 06,96,Model A,83 years 03 months,83.25,365000,55.45752608
2017-01,JURONG WEST,4 ROOM,10 TO 12,110,Model A,78 years 08 months,78.66666667,368000,50.07998013
2017-01,JURONG WEST,4 ROOM,07 TO 09,106,Model A,66 years 07 months,66.58333333,368888,47.41629409
2017-01,JURONG WEST,4 ROOM,07 TO 09,106,Model A,67 years,67,375000,50.43119722
2017-01,JURONG WEST,4 ROOM,10 TO 12,104,Model A,72 years 10 months,72.83333333,378000,55.26328862
2017-01,JURONG WEST,4 ROOM,01 TO 03,113,Model A,77 years 05 months,77.41666667,380000,53.42871336
2017-01,JURONG WEST,4 ROOM,04 TO 06,103,Model A,67 years 05 months,67.41666667,380000,50.06756085
2017-01,JURONG WEST,4 ROOM,10 TO 12,104,Model A,72 years 11 months,72.91666667,382000,55.26328862
2017-01,JURONG WEST,4 ROOM,10 TO 12,103,Model A,66 years 11 months,66.91666667,388000,50.05265772
2017-01,JURONG WEST,4 ROOM,04 TO 06,104,Model A,67 years 01 month,67.08333333,392000,50.18877298
2017-01,JURONG WEST,4 ROOM,04 TO 06,91,Model A,83 years 03 months,83.25,398000,69.85146547
2017-01,JURONG WEST,4 ROOM,01 TO 03,94,Premium Apartment,90 years 08 months,90.66666667,400000,58.31942375
2017-01,JURONG WEST,4 ROOM,10 TO 12,91,Model A,84 years 11 months,84.91666667,410000,48.8663686
2017-01,JURONG WEST,4 ROOM,16 TO 18,103,Model A,79 years 07 months,79.58333333,413000,50.24639841
2017-01,JURONG WEST,4 ROOM,07 TO 09,85,Model A2,84 years 09 months,84.75,415000,57.13909588
2017-01,JURONG WEST,4 ROOM,07 TO 09,95,Premium Apartment,82 years 08 months,82.66666667,418000,51.32141083
2017-01,JURONG WEST,4 ROOM,07 TO 09,91,Model A,82 years 11 months,82.91666667,420000,60.83656234
2017-01,JURONG WEST,4 ROOM,13 TO 15,91,Model A,84 years 03 months,84.25,422000,55.8663686
2017-01,JURONG WEST,4 ROOM,07 TO 09,112,Model A,77 years 05 months,77.41666667,423000,53.30750124
2017-01,JURONG WEST,4 ROOM,13 TO 15,100,Model A,80 years 06 months,80.5,428000,66.89766518
2017-01,JURONG WEST,4 ROOM,13 TO 15,85,Model A2,84 years 09 months,84.75,428000,57.13909588
2017-01,JURONG WEST,4 ROOM,07 TO 09,91,Model A,82 years 06 months,82.5,429000,57.83656234
2017-01,JURONG WEST,4 ROOM,10 TO 12,91,Model A,83 years 03 months,83.25,432000,66.85146547
2017-01,JURONG WEST,4 ROOM,07 TO 09,90,Model A2,82 years 06 months,82.5,433000,57.71535022
2017-01,JURONG WEST,4 ROOM,10 TO 12,91,Model A,82 years 07 months,82.58333333,433800,59.83656234
2017-01,JURONG WEST,4 ROOM,07 TO 09,95,Premium Apartment,83 years 01 month,83.08333333,435000,62.33631396
2017-01,JURONG WEST,4 ROOM,10 TO 12,91,Model A,82 years 06 months,82.5,435000,57.83656234
2017-01,JURONG WEST,4 ROOM,07 TO 09,91,Model A,82 years 06 months,82.5,438000,61.83656234
2017-01,JURONG WEST,4 ROOM,10 TO 12,102,Model A,66 years 08 months,66.66666667,440000,49.9314456
2017-01,JURONG WEST,4 ROOM,10 TO 12,96,Premium Apartment,82 years 06 months,82.5,445000,49.44262295
2017-01,JURONG WEST,4 ROOM,16 TO 18,93,Premium Apartment,88 years 04 months,88.33333333,446000,58.16840537
2017-01,JURONG WEST,4 ROOM,19 TO 21,92,Model A,92 years 03 months,92.25,470000,51.10680576
2017-01,JURONG WEST,5 ROOM,07 TO 09,122,Improved,70 years 09 months,70.75,350000,49.41530055
2017-01,JURONG WEST,5 ROOM,04 TO 06,112,Premium Apartment,85 years 10 months,85.83333333,362000,48.42672628
2017-01,JURONG WEST,5 ROOM,04 TO 06,129,Improved,70 years 07 months,70.58333333,400000,50.26378539
2017-01,JURONG WEST,5 ROOM,13 TO 15,111,Improved,83 years 11 months,83.91666667,410000,48.2757079
2017-01,JURONG WEST,5 ROOM,04 TO 06,112,Premium Apartment,85 years 10 months,85.83333333,410000,48.42672628
2017-01,JURONG WEST,5 ROOM,07 TO 09,121,Improved,72 years 02 months,72.16666667,415000,51.32389468
2017-01,JURONG WEST,5 ROOM,10 TO 12,126,Improved,75 years 05 months,75.41666667,428000,54.97466468
2017-01,JURONG WEST,5 ROOM,01 TO 03,128,Improved,75 years 05 months,75.41666667,428000,55.21708892
2017-01,JURONG WEST,5 ROOM,07 TO 09,111,Improved,84 years 11 months,84.91666667,435000,51.29061103
2017-01,JURONG WEST,5 ROOM,04 TO 06,110,Premium Apartment,90 years 05 months,90.41666667,436888,51.25881769
2017-01,JURONG WEST,5 ROOM,13 TO 15,121,Standard,58 years 10 months,58.83333333,458000,54.11525087
2017-01,JURONG WEST,5 ROOM,07 TO 09,133,Model A,66 years 07 months,66.58333333,460000,50.68902136
2017-01,JURONG WEST,5 ROOM,04 TO 06,110,Premium Apartment,90 years 07 months,90.58333333,460000,60.25881769
2017-01,JURONG WEST,5 ROOM,10 TO 12,110,Premium Apartment,90 years 06 months,90.5,466000,51.25881769
2017-01,JURONG WEST,5 ROOM,04 TO 06,115,Premium Apartment,83 years 03 months,83.25,470000,69.76055638
2017-01,JURONG WEST,5 ROOM,01 TO 03,110,Improved,83 years 05 months,83.41666667,470000,58.15449578
2017-01,JURONG WEST,5 ROOM,13 TO 15,139,Model A,75 years 05 months,75.41666667,478888,56.55042226
2017-01,JURONG WEST,5 ROOM,07 TO 09,111,Improved,84 years 02 months,84.16666667,480000,58.29061103
2017-01,JURONG WEST,5 ROOM,07 TO 09,116,Improved,83 years 04 months,83.33333333,480000,57.8817685
2017-01,JURONG WEST,5 ROOM,10 TO 12,110,Improved,84 years 10 months,84.83333333,500000,63.16939891
2017-01,JURONG WEST,5 ROOM,10 TO 12,115,Premium Apartment,83 years 03 months,83.25,500000,62.76055638
2017-01,JURONG WEST,5 ROOM,16 TO 18,110,Improved,83 years 05 months,83.41666667,504000,54.15449578
2017-01,JURONG WEST,5 ROOM,07 TO 09,113,Premium Apartment,83 years 01 month,83.08333333,505000,64.51813214
2017-01,JURONG WEST,5 ROOM,16 TO 18,111,Premium Apartment,82 years 09 months,82.75,550000,53.26080477
2017-01,JURONG WEST,5 ROOM,10 TO 12,115,Improved,82 years 05 months,82.41666667,615000,60.74565325
2017-01,JURONG WEST,EXECUTIVE,04 TO 06,126,Apartment,83 years 11 months,83.91666667,438000,50.09388972
2017-01,JURONG WEST,EXECUTIVE,10 TO 12,141,Apartment,71 years 01 month,71.08333333,462000,51.73323398
2017-01,JURONG WEST,EXECUTIVE,04 TO 06,146,Maisonette,73 years,73,546000,60.36910084
2017-01,JURONG WEST,EXECUTIVE,07 TO 09,125,Apartment,84 years 06 months,84.5,560000,52.98758073
2017-01,JURONG WEST,EXECUTIVE,04 TO 06,150,Maisonette,67 years 06 months,67.5,568000,52.76453055
2017-01,JURONG WEST,EXECUTIVE,01 TO 03,132,Premium Apartment,82 years 07 months,82.58333333,580000,53.80625931
2017-01,JURONG WEST,EXECUTIVE,10 TO 12,130,Apartment,83 years 07 months,83.58333333,595000,61.5787382
2017-01,JURONG WEST,EXECUTIVE,10 TO 12,133,Premium Apartment,83 years 04 months,83.33333333,600000,64.94237457
2017-01,JURONG WEST,EXECUTIVE,10 TO 12,130,Apartment,82 years 03 months,82.25,620000,64.56383507
2017-01,JURONG WEST,EXECUTIVE,07 TO 09,132,Premium Apartment,82 years 09 months,82.75,624000,59.80625931
2017-01,JURONG WEST,EXECUTIVE,13 TO 15,130,Apartment,82 years 03 months,82.25,645000,64.56383507
2017-01,JURONG WEST,EXECUTIVE,10 TO 12,130,Apartment,82 years 03 months,82.25,652000,64.56383507
2017-01,KALLANG/WHAMPOA,2 ROOM,07 TO 09,48,Standard,52 years 05 months,52.41666667,276000,47.17734724
2017-01,KALLANG/WHAMPOA,3 ROOM,07 TO 09,56,Standard,52 years 05 months,52.41666667,225000,44.14704421
2017-01,KALLANG/WHAMPOA,3 ROOM,04 TO 06,65,Improved,55 years 06 months,55.5,276000,42.28266269
2017-01,KALLANG/WHAMPOA,3 ROOM,13 TO 15,59,Improved,58 years 04 months,58.33333333,286000,48.60009935
2017-01,KALLANG/WHAMPOA,3 ROOM,04 TO 06,65,Improved,56 years 08 months,56.66666667,292000,49.29756582
2017-01,KALLANG/WHAMPOA,3 ROOM,07 TO 09,59,Improved,58 years 04 months,58.33333333,320000,48.60009935
2017-01,KALLANG/WHAMPOA,3 ROOM,01 TO 03,68,New Generation,61 years 05 months,61.41666667,330000,53.73571783
2017-01,KALLANG/WHAMPOA,3 ROOM,16 TO 18,65,Improved,56 years 06 months,56.5,333000,49.29756582
2017-01,KALLANG/WHAMPOA,3 ROOM,10 TO 12,68,Improved,54 years,54,335000,54.63139593
2017-01,KALLANG/WHAMPOA,3 ROOM,04 TO 06,60,Standard,51 years,51,338181,44.61698957
2017-01,KALLANG/WHAMPOA,3 ROOM,16 TO 18,75,Improved,63 years 05 months,63.41666667,340000,46.61400894
2017-01,KALLANG/WHAMPOA,3 ROOM,10 TO 12,65,Improved,56 years,56,342000,49.29756582
2017-01,KALLANG/WHAMPOA,3 ROOM,04 TO 06,68,New Generation,61 years,61,360001,54.73571783
2017-01,KALLANG/WHAMPOA,3 ROOM,07 TO 09,63,Simplified,68 years 01 month,68.08333333,370000,61.23397914
2017-01,KALLANG/WHAMPOA,3 ROOM,07 TO 09,68,New Generation,64 years 10 months,64.83333333,372000,53.78042722
2017-01,KALLANG/WHAMPOA,3 ROOM,07 TO 09,68,New Generation,61 years 05 months,61.41666667,378000,53.73571783
2017-01,KALLANG/WHAMPOA,3 ROOM,10 TO 12,76,Improved,57 years 01 month,57.08333333,380000,50.64580229
2017-01,KALLANG/WHAMPOA,3 ROOM,13 TO 15,68,Improved,61 years 06 months,61.5,395000,54.73571783
2017-01,KALLANG/WHAMPOA,3 ROOM,01 TO 03,74,Model A,65 years 04 months,65.33333333,406000,58.52260308
2017-01,KALLANG/WHAMPOA,3 ROOM,04 TO 06,74,Model A,66 years 11 months,66.91666667,410000,58.53750621
2017-01,KALLANG/WHAMPOA,3 ROOM,07 TO 09,62,Model A,86 years 05 months,86.41666667,425000,63.38102335
2017-01,KALLANG/WHAMPOA,3 ROOM,10 TO 12,67,Model A,94 years 04 months,94.33333333,495000,50.10630899
2017-01,KALLANG/WHAMPOA,4 ROOM,07 TO 09,91,Improved,56 years,56,405000,48.44908097
2017-01,KALLANG/WHAMPOA,4 ROOM,04 TO 06,83,Simplified,69 years 03 months,69.25,430000,54.67312469
2017-01,KALLANG/WHAMPOA,4 ROOM,01 TO 03,85,Model A,86 years 06 months,86.5,460000,48.16890214
2017-01,KALLANG/WHAMPOA,4 ROOM,07 TO 09,89,Model A,94 years 04 months,94.33333333,610000,48.77297566
2017-01,KALLANG/WHAMPOA,4 ROOM,07 TO 09,90,Model A,88 years 07 months,88.58333333,636000,52.804769
2017-01,KALLANG/WHAMPOA,4 ROOM,16 TO 18,89,Model A,94 years 04 months,94.33333333,686000,48.77297566
2017-01,KALLANG/WHAMPOA,4 ROOM,28 TO 30,95,Model A,86 years 10 months,86.83333333,688000,56.38102335
2017-01,KALLANG/WHAMPOA,5 ROOM,07 TO 09,118,Improved,67 years,67,599000,51.87083954
2017-01,KALLANG/WHAMPOA,5 ROOM,19 TO 21,114,Standard,58 years 06 months,58.5,628000,59.26676602
2017-01,KALLANG/WHAMPOA,5 ROOM,19 TO 21,117,Standard,56 years 06 months,56.5,628000,55.60059613
2017-01,KALLANG/WHAMPOA,5 ROOM,04 TO 06,122,Improved,80 years 11 months,80.91666667,680000,56.56433184
2017-01,KALLANG/WHAMPOA,5 ROOM,13 TO 15,110,Improved,86 years 10 months,86.83333333,730000,58.19920517
2017-01,KALLANG/WHAMPOA,5 ROOM,04 TO 06,115,DBSS,93 years 11 months,93.91666667,858000,62.90958768
2017-01,KALLANG/WHAMPOA,5 ROOM,25 TO 27,119,DBSS,93 years,93,1005000,63.39443616
2017-01,KALLANG/WHAMPOA,EXECUTIVE,04 TO 06,150,Maisonette,66 years 07 months,66.58333333,800000,55.74962742
2017-01,MARINE PARADE,3 ROOM,01 TO 03,65,Improved,58 years 02 months,58.16666667,360000,37.32737208
2017-01,MARINE PARADE,3 ROOM,10 TO 12,76,Improved,57 years 04 months,57.33333333,420000,38.64580229
2017-01,MARINE PARADE,4 ROOM,10 TO 12,88,Improved,57 years,57,538000,45.10034774
2017-01,MARINE PARADE,4 ROOM,07 TO 09,87,Improved,58 years,58,580000,39.99403875
2017-01,PASIR RIS,3 ROOM,04 TO 06,66,Improved,63 years 06 months,63.5,286000,42.52309985
2017-01,PASIR RIS,4 ROOM,01 TO 03,105,Model A,78 years 10 months,78.83333333,368000,47.47391952
2017-01,PASIR RIS,4 ROOM,01 TO 03,105,Model A,78 years 10 months,78.83333333,368000,47.47391952
2017-01,PASIR RIS,4 ROOM,01 TO 03,104,Model A,78 years 08 months,78.66666667,377000,47.3527074
2017-01,PASIR RIS,4 ROOM,04 TO 06,103,Model A,72 years 08 months,72.66666667,380000,53.1420765
2017-01,PASIR RIS,4 ROOM,10 TO 12,104,Model A,77 years 08 months,77.66666667,385000,52.33780427
2017-01,PASIR RIS,4 ROOM,04 TO 06,104,Model A,78 years 08 months,78.66666667,385000,47.3527074
2017-01,PASIR RIS,4 ROOM,01 TO 03,103,Model A,71 years 06 months,71.5,388000,55.12717337
2017-01,PASIR RIS,4 ROOM,04 TO 06,105,Model A,71 years 03 months,71.25,390000,50.36959762
2017-01,PASIR RIS,4 ROOM,10 TO 12,104,Model A,78 years 07 months,78.58333333,398000,47.3527074
2017-01,PASIR RIS,4 ROOM,04 TO 06,103,Model A,71 years 11 months,71.91666667,400000,55.12717337
2017-01,PASIR RIS,4 ROOM,10 TO 12,103,Model A,71 years 03 months,71.25,405000,50.12717337
2017-01,PASIR RIS,4 ROOM,07 TO 09,113,Model A,71 years 02 months,71.16666667,406000,48.33929459
2017-01,PASIR RIS,4 ROOM,04 TO 06,108,Model A,75 years 07 months,75.58333333,406000,52.7928465
2017-01,PASIR RIS,4 ROOM,07 TO 09,104,Model A,74 years 11 months,74.91666667,410000,47.29309488
2017-01,PASIR RIS,4 ROOM,07 TO 09,106,Model A,75 years 07 months,75.58333333,420000,50.55042226
2017-01,PASIR RIS,4 ROOM,07 TO 09,108,Model A,77 years 09 months,77.75,420000,56.82265276
2017-01,PASIR RIS,4 ROOM,13 TO 15,111,Model A,78 years,78,430000,48.20119225
2017-01,PASIR RIS,4 ROOM,07 TO 09,105,Model A,71 years 11 months,71.91666667,432000,53.36959762
2017-01,PASIR RIS,4 ROOM,13 TO 15,108,Model A,75 years 11 months,75.91666667,450000,54.7928465
2017-01,PASIR RIS,5 ROOM,01 TO 03,124,Improved,75 years 08 months,75.66666667,430000,58.73224044
2017-01,PASIR RIS,5 ROOM,04 TO 06,123,Improved,74 years 11 months,74.91666667,440000,54.59612519
2017-01,PASIR RIS,5 ROOM,04 TO 06,120,Improved,72 years 08 months,72.66666667,445000,55.20268256
2017-01,PASIR RIS,5 ROOM,04 TO 06,126,Improved,75 years 06 months,75.5,450000,49.97466468
2017-01,PASIR RIS,5 ROOM,04 TO 06,126,Improved,78 years 06 months,78.5,465000,50.01937407
2017-01,PASIR RIS,5 ROOM,04 TO 06,127,Improved,78 years 10 months,78.83333333,473000,50.14058619
2017-01,PASIR RIS,5 ROOM,04 TO 06,127,Improved,75 years 11 months,75.91666667,482000,57.0958768
2017-01,PASIR RIS,5 ROOM,04 TO 06,125,Improved,75 years 11 months,75.91666667,485000,54.85345256
2017-01,PASIR RIS,5 ROOM,10 TO 12,121,Improved,77 years 04 months,77.33333333,488000,54.39841033
2017-01,PASIR RIS,5 ROOM,10 TO 12,123,Improved,75 years 08 months,75.66666667,490000,56.61102832
2017-01,PASIR RIS,5 ROOM,07 TO 09,121,Improved,74 years 11 months,74.91666667,501000,52.35370094
2017-01,PASIR RIS,5 ROOM,07 TO 09,128,Improved,75 years 11 months,75.91666667,521000,55.21708892
2017-01,PASIR RIS,5 ROOM,10 TO 12,131,Improved,71 years 05 months,71.41666667,545000,53.52111277
2017-01,PASIR RIS,EXECUTIVE,10 TO 12,147,Apartment,75 years 07 months,75.58333333,552888,52.52011923
2017-01,PASIR RIS,EXECUTIVE,01 TO 03,155,Maisonette,71 years,71,598000,56.43020368
2017-01,PASIR RIS,EXECUTIVE,10 TO 12,161,Apartment,75 years 06 months,75.5,600000,54.21708892
2017-01,PASIR RIS,EXECUTIVE,10 TO 12,146,Maisonette,70 years 08 months,70.66666667,638000,59.32439146
2017-01,PASIR RIS,EXECUTIVE,04 TO 06,165,Maisonette,74 years 11 months,74.91666667,728000,71.68703428
2017-01,PUNGGOL,4 ROOM,10 TO 12,85,Model A,86 years 10 months,86.83333333,350000,57.16890214
2017-01,PUNGGOL,4 ROOM,07 TO 09,91,Premium Apartment,85 years 10 months,85.83333333,370000,62.88127173
2017-01,PUNGGOL,4 ROOM,07 TO 09,91,Model A,85 years 07 months,85.58333333,370000,62.88127173
2017-01,PUNGGOL,4 ROOM,13 TO 15,90,Model A,85 years 01 month,85.08333333,380000,57.76005961
2017-01,PUNGGOL,4 ROOM,01 TO 03,92,Model A,95 years,95,408000,63.13661202
2017-01,PUNGGOL,4 ROOM,01 TO 03,90,Premium Apartment,89 years 07 months,89.58333333,410000,52.81967213
2017-01,PUNGGOL,4 ROOM,10 TO 12,92,Premium Apartment,91 years 02 months,91.16666667,415000,63.09190263
2017-01,PUNGGOL,4 ROOM,01 TO 03,97,Premium Apartment,95 years,95,415000,60.75757576
2017-01,PUNGGOL,4 ROOM,10 TO 12,90,Premium Apartment,89 years 07 months,89.58333333,420000,57.81967213
2017-01,PUNGGOL,4 ROOM,01 TO 03,93,Model A,94 years 11 months,94.91666667,422800,58.25782414
2017-01,PUNGGOL,4 ROOM,04 TO 06,92,Model A,94 years 11 months,94.91666667,424000,63.13661202
2017-01,PUNGGOL,4 ROOM,16 TO 18,91,Premium Apartment,85 years 11 months,85.91666667,428000,54.88127173
2017-01,PUNGGOL,4 ROOM,04 TO 06,93,Model A,94 years 06 months,94.5,430000,58.25782414
2017-01,PUNGGOL,4 ROOM,07 TO 09,93,Model A,94 years 11 months,94.91666667,438000,61.25782414
2017-01,PUNGGOL,4 ROOM,04 TO 06,93,Premium Apartment,95 years,95,439988,60.27272727
2017-01,PUNGGOL,4 ROOM,07 TO 09,93,Model A,94 years 06 months,94.5,440000,53.25782414
2017-01,PUNGGOL,4 ROOM,16 TO 18,97,Model A,94 years 11 months,94.91666667,468000,63.74267263
2017-01,PUNGGOL,4 ROOM,13 TO 15,94,Model A,94 years 07 months,94.58333333,470000,58.37903626
2017-01,PUNGGOL,4 ROOM,13 TO 15,93,Premium Apartment,95 years 01 month,95.08333333,485000,58.27272727
2017-01,PUNGGOL,4 ROOM,04 TO 06,93,Premium Apartment,94 years 06 months,94.5,500000,58.25782414
2017-01,PUNGGOL,4 ROOM,01 TO 03,97,Premium Apartment,95 years,95,508000,60.75757576
2017-01,PUNGGOL,4 ROOM,10 TO 12,99,Premium Apartment,95 years 02 months,95.16666667,510000,54
2017-01,PUNGGOL,4 ROOM,13 TO 15,98,Premium Apartment,95 years 02 months,95.16666667,518000,53.87878788
2017-01,PUNGGOL,4 ROOM,07 TO 09,98,Premium Apartment,95 years 02 months,95.16666667,520000,53.87878788
2017-01,PUNGGOL,4 ROOM,13 TO 15,99,Premium Apartment,95 years,95,525000,59
2017-01,PUNGGOL,4 ROOM,07 TO 09,93,Premium Apartment,95 years 06 months,95.5,530000,60.27272727
2017-01,PUNGGOL,4 ROOM,13 TO 15,97,Premium Apartment,95 years,95,538000,58.75757576
2017-01,PUNGGOL,4 ROOM,13 TO 15,93,Premium Apartment,93 years 02 months,93.16666667,550000,60.24292101
2017-01,PUNGGOL,4 ROOM,16 TO 18,97,Model A,94 years 11 months,94.91666667,468000,63.74267263
2017-01,PUNGGOL,4 ROOM,13 TO 15,94,Model A,94 years 07 months,94.58333333,470000,58.37903626
2017-01,PUNGGOL,5 ROOM,01 TO 03,110,Improved,86 years 03 months,86.25,399000,65.19920517
2017-01,PUNGGOL,5 ROOM,01 TO 03,110,Improved,86 years 10 months,86.83333333,405000,60.19920517
2017-01,PUNGGOL,5 ROOM,04 TO 06,111,Premium Apartment,87 years,87,410000,65.33532042
2017-01,PUNGGOL,5 ROOM,07 TO 09,112,Premium Apartment,85 years 06 months,85.5,430000,60.42672628
2017-01,PUNGGOL,5 ROOM,04 TO 06,114,Premium Apartment,86 years 04 months,86.33333333,432000,62.68405365
2017-01,PUNGGOL,5 ROOM,10 TO 12,110,Improved,85 years 04 months,85.33333333,433000,60.18430204
2017-01,PUNGGOL,5 ROOM,13 TO 15,110,Improved,85 years 03 months,85.25,440888,60.18430204
2017-01,PUNGGOL,5 ROOM,13 TO 15,112,Improved,84 years 10 months,84.83333333,442000,60.41182315
2017-01,PUNGGOL,5 ROOM,13 TO 15,110,Improved,85 years 04 months,85.33333333,442000,60.18430204
2017-01,PUNGGOL,5 ROOM,16 TO 18,110,Improved,85 years 04 months,85.33333333,443000,60.18430204
2017-01,PUNGGOL,5 ROOM,10 TO 12,110,Improved,85 years 04 months,85.33333333,450000,60.18430204
2017-01,PUNGGOL,5 ROOM,10 TO 12,110,Improved,85 years 04 months,85.33333333,450000,60.18430204
2017-01,PUNGGOL,5 ROOM,10 TO 12,110,Improved,86 years 05 months,86.41666667,466000,60.19920517
2017-01,PUNGGOL,5 ROOM,16 TO 18,110,Improved,86 years 02 months,86.16666667,468000,65.19920517
2017-01,PUNGGOL,5 ROOM,07 TO 09,114,Premium Apartment,86 years 04 months,86.33333333,480000,65.68405365
2017-01,PUNGGOL,5 ROOM,13 TO 15,114,Premium Apartment,86 years 04 months,86.33333333,488000,65.68405365
2017-01,PUNGGOL,5 ROOM,07 TO 09,113,Premium Apartment,95 years 08 months,95.66666667,498888,72.6969697
2017-01,PUNGGOL,5 ROOM,10 TO 12,110,Premium Apartment,85 years 10 months,85.83333333,500000,55.18430204
2017-01,PUNGGOL,5 ROOM,07 TO 09,118,Premium Apartment,95 years 08 months,95.66666667,518888,73.3030303
2017-01,PUNGGOL,5 ROOM,10 TO 12,110,Premium Apartment,85 years 09 months,85.75,520000,55.18430204
2017-01,PUNGGOL,5 ROOM,16 TO 18,118,Premium Apartment,95 years 08 months,95.66666667,558000,73.3030303
2017-01,PUNGGOL,5 ROOM,04 TO 06,116,Premium Apartment,95 years 01 month,95.08333333,580000,63.06060606
2017-01,PUNGGOL,5 ROOM,10 TO 12,114,Premium Apartment,95 years 06 months,95.5,598000,62.81818182
2017-01,PUNGGOL,5 ROOM,07 TO 09,113,Premium Apartment,95 years,95,600000,60.6969697
2017-01,PUNGGOL,5 ROOM,01 TO 03,115,Premium Apartment,95 years,95,608000,60.93939394
2017-01,PUNGGOL,5 ROOM,13 TO 15,113,Premium Apartment,95 years,95,630000,62.6969697
2017-01,PUNGGOL,5 ROOM,16 TO 18,110,Improved,86 years 02 months,86.16666667,468000,65.19920517
2017-01,QUEENSTOWN,3 ROOM,01 TO 03,60,Standard,49 years,49,290000,36.58718331
2017-01,QUEENSTOWN,3 ROOM,07 TO 09,60,Improved,52 years 06 months,52.5,299800,36.6318927
2017-01,QUEENSTOWN,3 ROOM,07 TO 09,67,Improved,52 years,52,300000,49.48037755
2017-01,QUEENSTOWN,3 ROOM,04 TO 06,60,Standard,49 years,49,307000,36.58718331
2017-01,QUEENSTOWN,3 ROOM,10 TO 12,60,Improved,52 years 06 months,52.5,310000,50.6318927
2017-01,QUEENSTOWN,3 ROOM,07 TO 09,60,Standard,51 years,51,312000,36.61698957
2017-01,QUEENSTOWN,3 ROOM,04 TO 06,60,Standard,49 years,49,320000,36.58718331
2017-01,QUEENSTOWN,3 ROOM,10 TO 12,67,Standard,51 years,51,330000,37.46547442
2017-01,QUEENSTOWN,3 ROOM,16 TO 18,60,Standard,49 years,49,334888,36.58718331
2017-01,QUEENSTOWN,3 ROOM,13 TO 15,60,Standard,49 years 01 month,49.08333333,340000,36.58718331
2017-01,QUEENSTOWN,3 ROOM,07 TO 09,65,Improved,58 years 06 months,58.5,350000,45.32737208
2017-01,QUEENSTOWN,3 ROOM,10 TO 12,65,Improved,57 years 06 months,57.5,355000,37.31246895
2017-01,QUEENSTOWN,3 ROOM,13 TO 15,60,Improved,52 years 06 months,52.5,355000,50.6318927
2017-01,QUEENSTOWN,3 ROOM,04 TO 06,65,Improved,58 years 07 months,58.58333333,360000,45.32737208
2017-01,QUEENSTOWN,3 ROOM,07 TO 09,65,Improved,58 years 06 months,58.5,363000,45.32737208
2017-01,QUEENSTOWN,3 ROOM,16 TO 18,59,Improved,56 years 05 months,56.41666667,388000,44.57029309
2017-01,QUEENSTOWN,3 ROOM,04 TO 06,69,Standard,49 years,49,398000,37.6780924
2017-01,QUEENSTOWN,4 ROOM,04 TO 06,82,Improved,56 years 04 months,56.33333333,505000,47.35817188
2017-01,QUEENSTOWN,4 ROOM,04 TO 06,85,Model A,82 years 09 months,82.75,595000,48.10928962
2017-01,QUEENSTOWN,4 ROOM,19 TO 21,88,Improved,57 years,57,605000,52.10034774
2017-01,QUEENSTOWN,4 ROOM,04 TO 06,88,Improved,56 years 06 months,56.5,620000,57.08544461
2017-01,QUEENSTOWN,4 ROOM,28 TO 30,92,Model A,95 years 03 months,95.25,705000,51.15151515
2017-01,QUEENSTOWN,4 ROOM,16 TO 18,90,Model A,88 years 11 months,88.91666667,705000,52.804769
2017-01,QUEENSTOWN,4 ROOM,10 TO 12,103,Model A,78 years 08 months,78.66666667,780000,54.23149528
2017-01,QUEENSTOWN,5 ROOM,13 TO 15,117,Standard,59 years,59,745000,51.64530551
2017-01,QUEENSTOWN,5 ROOM,04 TO 06,119,Standard,57 years,57,790000,55.8579235
2017-01,QUEENSTOWN,5 ROOM,19 TO 21,111,Improved,85 years 08 months,85.66666667,800000,51.30551416
2017-01,QUEENSTOWN,5 ROOM,19 TO 21,110,Improved,88 years 11 months,88.91666667,860000,55.22901143
2017-01,SEMBAWANG,4 ROOM,01 TO 03,86,Model A2,82 years 06 months,82.5,305000,48.23050174
2017-01,SEMBAWANG,4 ROOM,04 TO 06,100,Model A,81 years 04 months,81.33333333,335000,55.91256831
2017-01,SEMBAWANG,4 ROOM,01 TO 03,100,Model A,81 years 09 months,81.75,342000,49.91256831
2017-01,SEMBAWANG,4 ROOM,10 TO 12,91,Model A,83 years 05 months,83.41666667,358000,51.85146547
2017-01,SEMBAWANG,4 ROOM,04 TO 06,96,Model A,92 years 07 months,92.58333333,363000,49.59165425
2017-01,SEMBAWANG,4 ROOM,10 TO 12,102,Premium Apartment,83 years 06 months,83.5,365000,50.18479881
2017-01,SEMBAWANG,4 ROOM,10 TO 12,90,Model A,83 years 02 months,83.16666667,365000,54.73025335
2017-01,SEMBAWANG,4 ROOM,04 TO 06,96,Premium Apartment,83 years 05 months,83.41666667,380000,55.45752608
2017-01,SEMBAWANG,4 ROOM,13 TO 15,95,Premium Apartment,83 years 05 months,83.41666667,390000,63.33631396
2017-01,SEMBAWANG,4 ROOM,13 TO 15,101,Model A,81 years 04 months,81.33333333,398000,56.03378043
2017-01,SEMBAWANG,5 ROOM,04 TO 06,110,Improved,83 years 02 months,83.16666667,390000,57.15449578
2017-01,SEMBAWANG,5 ROOM,07 TO 09,121,Improved,81 years 06 months,81.5,392000,52.45802285
2017-01,SEMBAWANG,5 ROOM,07 TO 09,116,Improved,81 years 11 months,81.91666667,410000,57.85196225
2017-01,SEMBAWANG,5 ROOM,10 TO 12,110,Premium Apartment,83 years 05 months,83.41666667,415000,57.15449578
2017-01,SEMBAWANG,5 ROOM,04 TO 06,110,Improved,84 years,84,428000,65.16939891
2017-01,SEMBAWANG,5 ROOM,10 TO 12,120,Improved,80 years 10 months,80.83333333,435000,65.3219076
2017-01,SEMBAWANG,5 ROOM,07 TO 09,110,Improved,83 years 09 months,83.75,445000,68.15449578
2017-01,SEMBAWANG,5 ROOM,10 TO 12,110,Improved,84 years 11 months,84.91666667,450000,54.16939891
2017-01,SEMBAWANG,5 ROOM,10 TO 12,110,Improved,83 years 09 months,83.75,485000,62.15449578
2017-01,SEMBAWANG,EXECUTIVE,04 TO 06,141,Apartment,80 years 11 months,80.91666667,465000,59.86736215
2017-01,SEMBAWANG,EXECUTIVE,07 TO 09,125,Apartment,84 years 10 months,84.83333333,495000,59.98758073
2017-01,SEMBAWANG,EXECUTIVE,04 TO 06,139,Apartment,81 years 06 months,81.5,505000,60.63984103
2017-01,SEMBAWANG,EXECUTIVE,07 TO 09,139,Apartment,81 years 06 months,81.5,515000,56.63984103
2017-01,SENGKANG,2 ROOM,19 TO 21,50,Model A,94 years 02 months,94.16666667,273000,58.04570293
2017-01,SENGKANG,3 ROOM,10 TO 12,69,Model A,94 years 01 month,94.08333333,342000,60.34873323
2017-01,SENGKANG,3 ROOM,10 TO 12,67,Model A,94 years 10 months,94.83333333,345000,60.10630899
2017-01,SENGKANG,3 ROOM,13 TO 15,67,Model A,94 years 10 months,94.83333333,348000,60.10630899
2017-01,SENGKANG,3 ROOM,10 TO 12,68,Model A,95 years 01 month,95.08333333,360000,55.24242424
2017-01,SENGKANG,3 ROOM,16 TO 18,68,Model A,95 years 02 months,95.16666667,365000,60.24242424
2017-01,SENGKANG,4 ROOM,01 TO 03,90,Model A,84 years 02 months,84.16666667,312000,57.74515648
2017-01,SENGKANG,4 ROOM,01 TO 03,90,Model A2,81 years 06 months,81.5,325000,59.70044709
2017-01,SENGKANG,4 ROOM,13 TO 15,85,Model A2,82 years 11 months,82.91666667,330000,62.10928962
2017-01,SENGKANG,4 ROOM,10 TO 12,85,Model A2,85 years 05 months,85.41666667,332000,59.15399901
2017-01,SENGKANG,4 ROOM,01 TO 03,90,Model A,85 years 02 months,85.16666667,338000,61.76005961
2017-01,SENGKANG,4 ROOM,07 TO 09,85,Model A2,85 years 05 months,85.41666667,340000,54.15399901
2017-01,SENGKANG,4 ROOM,04 TO 06,89,Model A2,81 years 05 months,81.41666667,340000,54.57923497
2017-01,SENGKANG,4 ROOM,01 TO 03,90,Premium Apartment,85 years 08 months,85.66666667,343000,57.76005961
2017-01,SENGKANG,4 ROOM,04 TO 06,85,Model A2,85 years 05 months,85.41666667,345000,54.15399901
2017-01,SENGKANG,4 ROOM,04 TO 06,85,Model A2,85 years 05 months,85.41666667,345000,54.15399901
2017-01,SENGKANG,4 ROOM,04 TO 06,101,Model A,81 years 03 months,81.25,345000,56.03378043
2017-01,SENGKANG,4 ROOM,01 TO 03,100,Model A,81 years 01 month,81.08333333,348000,60.91256831
2017-01,SENGKANG,4 ROOM,04 TO 06,90,Model A,82 years 07 months,82.58333333,351000,59.71535022
2017-01,SENGKANG,4 ROOM,01 TO 03,93,Premium Apartment,86 years 03 months,86.25,360000,55.13859911
2017-01,SENGKANG,4 ROOM,10 TO 12,85,Model A2,83 years 08 months,83.66666667,365000,57.12419275
2017-01,SENGKANG,4 ROOM,07 TO 09,101,Model A,81 years 05 months,81.41666667,370000,59.03378043
2017-01,SENGKANG,4 ROOM,01 TO 03,90,Model A,82 years 11 months,82.91666667,370000,65.71535022
2017-01,SENGKANG,4 ROOM,10 TO 12,102,Model A,81 years 05 months,81.41666667,370000,59.15499255
2017-01,SENGKANG,4 ROOM,13 TO 15,91,Model A,84 years 02 months,84.16666667,373000,49.8663686
2017-01,SENGKANG,4 ROOM,10 TO 12,92,Model A,83 years 06 months,83.5,388000,62.9726776
2017-01,SENGKANG,4 ROOM,01 TO 03,93,Model A,95 years 01 month,95.08333333,390000,60.27272727
2017-01,SENGKANG,4 ROOM,04 TO 06,93,Model A,95 years 10 months,95.83333333,393888,58.27272727
2017-01,SENGKANG,4 ROOM,07 TO 09,101,Model A,81 years 05 months,81.41666667,398000,54.03378043
2017-01,SENGKANG,4 ROOM,13 TO 15,90,Model A,83 years 07 months,83.58333333,405000,54.73025335
2017-01,SENGKANG,4 ROOM,13 TO 15,92,Model A,93 years 10 months,93.83333333,415000,60.12170889
2017-01,SENGKANG,4 ROOM,10 TO 12,102,Model A,81 years,81,418000,54.15499255
2017-01,SENGKANG,4 ROOM,13 TO 15,101,Model A,81 years 10 months,81.83333333,418000,56.03378043
2017-01,SENGKANG,4 ROOM,10 TO 12,94,Premium Apartment,95 years 05 months,95.41666667,420000,60.39393939
2017-01,SENGKANG,4 ROOM,04 TO 06,93,Model A,95 years 02 months,95.16666667,421000,60.27272727
2017-01,SENGKANG,4 ROOM,13 TO 15,95,Premium Apartment,94 years 10 months,94.83333333,422000,63.50024839
2017-01,SENGKANG,4 ROOM,16 TO 18,92,Model A,94 years 01 month,94.08333333,428000,63.13661202
2017-01,SENGKANG,4 ROOM,04 TO 06,91,Premium Apartment,88 years 01 month,88.08333333,428888,57.92598112
2017-01,SENGKANG,4 ROOM,07 TO 09,94,Model A,94 years 10 months,94.83333333,430000,63.37903626
2017-01,SENGKANG,4 ROOM,04 TO 06,93,Model A,95 years 01 month,95.08333333,430000,60.27272727
2017-01,SENGKANG,4 ROOM,13 TO 15,95,Model A,95 years 01 month,95.08333333,435000,60.51515152
2017-01,SENGKANG,4 ROOM,10 TO 12,98,Premium Apartment,94 years 09 months,94.75,435000,63.86388475
2017-01,SENGKANG,4 ROOM,16 TO 18,96,Model A,92 years 02 months,92.16666667,439888,63.59165425
2017-01,SENGKANG,4 ROOM,25 TO 27,96,Premium Apartment,94 years 10 months,94.83333333,440000,63.62146051
2017-01,SENGKANG,4 ROOM,16 TO 18,100,Premium Apartment,94 years 09 months,94.75,445000,59.10630899
2017-01,SENGKANG,4 ROOM,07 TO 09,95,Premium Apartment,94 years 09 months,94.75,445000,63.50024839
2017-01,SENGKANG,4 ROOM,10 TO 12,93,Model A,95 years 01 month,95.08333333,450000,58.27272727
2017-01,SENGKANG,4 ROOM,13 TO 15,95,Model A,95 years 01 month,95.08333333,450000,58.51515152
2017-01,SENGKANG,4 ROOM,04 TO 06,93,Model A,95 years 01 month,95.08333333,455000,63.27272727
2017-01,SENGKANG,4 ROOM,10 TO 12,92,Premium Apartment,90 years 04 months,90.33333333,475000,58.0769995
2017-01,SENGKANG,4 ROOM,04 TO 06,90,Premium Apartment,91 years 11 months,91.91666667,483000,57.84947839
2017-01,SENGKANG,4 ROOM,07 TO 09,90,Premium Apartment,91 years 11 months,91.91666667,490000,57.84947839
2017-01,SENGKANG,4 ROOM,04 TO 06,93,Premium Apartment,92 years 04 months,92.33333333,495000,58.22801788
2017-01,SENGKANG,4 ROOM,07 TO 09,90,Premium Apartment,91 years 07 months,91.58333333,530000,57.84947839
2017-01,SENGKANG,4 ROOM,16 TO 18,90,Premium Apartment,91 years 07 months,91.58333333,555000,57.84947839
2017-01,SENGKANG,5 ROOM,01 TO 03,110,Improved,83 years 03 months,83.25,368000,62.15449578
2017-01,SENGKANG,5 ROOM,01 TO 03,112,Premium Apartment,84 years 08 months,84.66666667,388000,60.41182315
2017-01,SENGKANG,5 ROOM,07 TO 09,110,Improved,82 years 05 months,82.41666667,408000,62.13959265
2017-01,SENGKANG,5 ROOM,07 TO 09,110,Improved,84 years 01 month,84.08333333,410000,60.16939891
2017-01,SENGKANG,5 ROOM,01 TO 03,110,Improved,84 years 08 months,84.66666667,415000,60.16939891
2017-01,SENGKANG,5 ROOM,13 TO 15,115,Improved,82 years 08 months,82.66666667,425000,62.74565325
2017-01,SENGKANG,5 ROOM,13 TO 15,123,Improved,81 years 05 months,81.41666667,428000,61.70044709
2017-01,SENGKANG,5 ROOM,16 TO 18,110,Improved,84 years 01 month,84.08333333,430000,60.16939891
2017-01,SENGKANG,5 ROOM,10 TO 12,115,Improved,82 years 08 months,82.66666667,433000,62.74565325
2017-01,SENGKANG,5 ROOM,16 TO 18,110,Improved,83 years 06 months,83.5,448000,65.15449578
2017-01,SENGKANG,5 ROOM,07 TO 09,110,Improved,84 years,84,450000,60.16939891
2017-01,SENGKANG,5 ROOM,10 TO 12,113,Premium Apartment,83 years 07 months,83.58333333,450000,62.51813214
2017-01,SENGKANG,5 ROOM,07 TO 09,114,Premium Apartment,83 years 07 months,83.58333333,460000,60.63934426
2017-01,SENGKANG,5 ROOM,10 TO 12,110,Improved,83 years 11 months,83.91666667,463000,62.15449578
2017-01,SENGKANG,5 ROOM,16 TO 18,110,Premium Apartment,86 years 11 months,86.91666667,470000,57.19920517
2017-01,SENGKANG,5 ROOM,07 TO 09,121,Improved,80 years 10 months,80.83333333,475000,66.44311972
2017-01,SENGKANG,5 ROOM,13 TO 15,121,Improved,80 years 10 months,80.83333333,482000,66.44311972
2017-01,SENGKANG,5 ROOM,10 TO 12,110,Improved,84 years 05 months,84.41666667,508000,71.16939891
2017-01,SENGKANG,5 ROOM,07 TO 09,113,Premium Apartment,95 years 05 months,95.41666667,515000,65.6969697
2017-01,SENGKANG,EXECUTIVE,04 TO 06,128,Apartment,83 years 10 months,83.83333333,495000,62.33631396
2017-01,SENGKANG,EXECUTIVE,07 TO 09,130,Apartment,83 years,83,515000,57.5787382
2017-01,SENGKANG,EXECUTIVE,07 TO 09,142,Premium Apartment,83 years 02 months,83.16666667,545000,69.03328366
2017-01,SENGKANG,EXECUTIVE,13 TO 15,134,Premium Apartment,83 years 07 months,83.58333333,558000,58.06358669
2017-01,SENGKANG,EXECUTIVE,07 TO 09,131,Apartment,82 years 06 months,82.5,562000,62.68504719
2017-01,SENGKANG,EXECUTIVE,07 TO 09,141,Premium Apartment,83 years 02 months,83.16666667,585000,68.91207154
2017-01,SENGKANG,EXECUTIVE,10 TO 12,130,Apartment,83 years 03 months,83.25,623000,80.5787382
2017-01,SERANGOON,3 ROOM,04 TO 06,67,New Generation,67 years 04 months,67.33333333,292000,45.70392449
2017-01,SERANGOON,3 ROOM,01 TO 03,73,Improved,60 years 04 months,60.33333333,318000,52.32687531
2017-01,SERANGOON,3 ROOM,10 TO 12,67,New Generation,66 years 11 months,66.91666667,319000,45.68902136
2017-01,SERANGOON,3 ROOM,01 TO 03,64,Improved,60 years 04 months,60.33333333,320000,51.23596622
2017-01,SERANGOON,3 ROOM,01 TO 03,73,New Generation,67 years 03 months,67.25,320000,50.43119722
2017-01,SERANGOON,3 ROOM,07 TO 09,67,New Generation,66 years 11 months,66.91666667,320000,42.68902136
2017-01,SERANGOON,3 ROOM,10 TO 12,73,Improved,65 years 05 months,65.41666667,377000,57.40139096
2017-01,SERANGOON,4 ROOM,04 TO 06,93,New Generation,67 years 02 months,67.16666667,355000,45.85543964
2017-01,SERANGOON,4 ROOM,01 TO 03,83,Simplified,69 years 06 months,69.5,370000,44.67312469
2017-01,SERANGOON,4 ROOM,04 TO 06,91,New Generation,67 years 05 months,67.41666667,390000,45.6130154
2017-01,SERANGOON,4 ROOM,01 TO 03,99,New Generation,67 years 08 months,67.66666667,420000,43.58271237
2017-01,SERANGOON,4 ROOM,04 TO 06,95,New Generation,67 years 09 months,67.75,472000,53.09786388
2017-01,SERANGOON,4 ROOM,01 TO 03,105,Model A,71 years 01 month,71.08333333,550000,56.36959762
2017-01,SERANGOON,4 ROOM,04 TO 06,109,Model A,71 years 02 months,71.16666667,560000,61.8544461
2017-01,SERANGOON,4 ROOM,10 TO 12,103,Model A,71 years 10 months,71.83333333,593000,61.12717337
2017-01,SERANGOON,4 ROOM,07 TO 09,109,Model A,71 years 02 months,71.16666667,625000,61.8544461
2017-01,SERANGOON,EXECUTIVE,04 TO 06,145,Apartment,74 years 10 months,74.83333333,640000,55.26279185
2017-01,SERANGOON,EXECUTIVE,07 TO 09,147,Maisonette,74 years 10 months,74.83333333,645000,52.5052161
2017-01,SERANGOON,EXECUTIVE,07 TO 09,153,Apartment,74 years 10 months,74.83333333,708000,53.23248882
2017-01,SERANGOON,EXECUTIVE,04 TO 06,156,Maisonette,74 years 10 months,74.83333333,735000,53.59612519
2017-01,TAMPINES,2 ROOM,01 TO 03,45,Model A,94 years 02 months,94.16666667,250000,43.43964232
2017-01,TAMPINES,3 ROOM,01 TO 03,60,Improved,67 years 09 months,67.75,270000,55.85543964
2017-01,TAMPINES,3 ROOM,04 TO 06,68,New Generation,66 years 05 months,66.41666667,295000,56.81023348
2017-01,TAMPINES,3 ROOM,01 TO 03,69,Improved,67 years 08 months,67.66666667,300000,52.94634873
2017-01,TAMPINES,3 ROOM,07 TO 09,64,Simplified,69 years 06 months,69.5,305000,49.37009439
2017-01,TAMPINES,3 ROOM,07 TO 09,64,Simplified,67 years 11 months,67.91666667,308000,52.34028813
2017-01,TAMPINES,3 ROOM,04 TO 06,67,New Generation,69 years 04 months,69.33333333,315000,47.73373075
2017-01,TAMPINES,3 ROOM,01 TO 03,75,Model A,65 years,65,318500,46.62891207
2017-01,TAMPINES,3 ROOM,04 TO 06,67,New Generation,67 years 06 months,67.5,320000,54.70392449
2017-01,TAMPINES,3 ROOM,07 TO 09,74,Model A,66 years 06 months,66.5,323000,46.53750621
2017-01,TAMPINES,3 ROOM,01 TO 03,74,Model A,69 years 04 months,69.33333333,325000,50.5822156
2017-01,TAMPINES,3 ROOM,01 TO 03,83,New Generation,69 years 05 months,69.41666667,328000,49.67312469
2017-01,TAMPINES,3 ROOM,04 TO 06,73,Model A,65 years 10 months,65.83333333,329000,55.40139096
2017-01,TAMPINES,3 ROOM,04 TO 06,74,Model A,66 years 08 months,66.66666667,333000,50.53750621
2017-01,TAMPINES,3 ROOM,04 TO 06,74,Model A,69 years 11 months,69.91666667,337000,46.5822156
2017-01,TAMPINES,3 ROOM,04 TO 06,73,Model A,66 years 02 months,66.16666667,345000,57.41629409
2017-01,TAMPINES,3 ROOM,04 TO 06,79,Model A,67 years 11 months,67.91666667,345000,47.15846995
2017-01,TAMPINES,3 ROOM,01 TO 03,83,New Generation,69 years 09 months,69.75,345000,52.67312469
2017-01,TAMPINES,3 ROOM,10 TO 12,73,Model A,66 years 07 months,66.58333333,350000,60.41629409
2017-01,TAMPINES,3 ROOM,07 TO 09,73,Model A,66 years 09 months,66.75,350000,59.41629409
2017-01,TAMPINES,3 ROOM,07 TO 09,75,Model A,67 years 11 months,67.91666667,355000,46.67362146
2017-01,TAMPINES,3 ROOM,07 TO 09,65,Model A,94 years 02 months,94.16666667,355000,45.86388475
2017-01,TAMPINES,4 ROOM,10 TO 12,84,Simplified,70 years 01 month,70.08333333,370000,56.80923994
2017-01,TAMPINES,4 ROOM,01 TO 03,100,Model A,79 years 02 months,79.16666667,385000,46.88276205
2017-01,TAMPINES,4 ROOM,10 TO 12,104,Model A,71 years 05 months,71.41666667,394000,50.24838549
2017-01,TAMPINES,4 ROOM,01 TO 03,100,Model A,79 years 02 months,79.16666667,395000,49.88276205
2017-01,TAMPINES,4 ROOM,04 TO 06,84,Simplified,66 years 11 months,66.91666667,398000,49.74962742
2017-01,TAMPINES,4 ROOM,01 TO 03,109,Model A,71 years 10 months,71.83333333,400000,50.8544461
2017-01,TAMPINES,4 ROOM,10 TO 12,107,Model A,75 years 08 months,75.66666667,408000,50.67163438
2017-01,TAMPINES,4 ROOM,04 TO 06,104,Model A,71 years 06 months,71.5,408000,47.24838549
2017-01,TAMPINES,4 ROOM,07 TO 09,103,Model A,66 years 07 months,66.58333333,412000,50.05265772
2017-01,TAMPINES,4 ROOM,04 TO 06,105,Model A,67 years 05 months,67.41666667,413888,57.3099851
2017-01,TAMPINES,4 ROOM,04 TO 06,105,Model A,67 years 01 month,67.08333333,415000,54.3099851
2017-01,TAMPINES,4 ROOM,04 TO 06,89,Simplified,67 years 11 months,67.91666667,416800,55.37059116
2017-01,TAMPINES,4 ROOM,10 TO 12,91,New Generation,67 years 02 months,67.16666667,418000,59.6130154
2017-01,TAMPINES,4 ROOM,01 TO 03,107,Model A,75 years 08 months,75.66666667,420000,54.67163438
2017-01,TAMPINES,4 ROOM,04 TO 06,105,Model A,64 years 09 months,64.75,420000,50.26527571
2017-01,TAMPINES,4 ROOM,01 TO 03,100,New Generation,68 years 03 months,68.25,420000,58.71882762
2017-01,TAMPINES,4 ROOM,01 TO 03,104,Model A,79 years 05 months,79.41666667,420000,47.36761053
2017-01,TAMPINES,4 ROOM,07 TO 09,106,Premium Apartment,79 years 03 months,79.25,423000,50.61003477
2017-01,TAMPINES,4 ROOM,10 TO 12,84,Simplified,68 years,68,423000,54.76453055
2017-01,TAMPINES,4 ROOM,04 TO 06,99,Model A,79 years 03 months,79.25,428000,46.76154993
2017-01,TAMPINES,4 ROOM,10 TO 12,104,Model A,66 years 02 months,66.16666667,430000,50.17386985
2017-01,TAMPINES,4 ROOM,10 TO 12,89,Simplified,67 years 11 months,67.91666667,430000,55.37059116
2017-01,TAMPINES,4 ROOM,04 TO 06,102,Premium Apartment,78 years 05 months,78.41666667,430000,54.11028316
2017-01,TAMPINES,4 ROOM,04 TO 06,107,Premium Apartment,78 years 05 months,78.41666667,435000,50.71634377
2017-01,TAMPINES,4 ROOM,07 TO 09,103,Model A,79 years 05 months,79.41666667,440000,47.24639841
2017-01,TAMPINES,4 ROOM,10 TO 12,103,Model A,79 years 07 months,79.58333333,440288,47.24639841
2017-01,TAMPINES,4 ROOM,07 TO 09,103,Model A,79 years 07 months,79.58333333,442000,47.24639841
2017-01,TAMPINES,4 ROOM,01 TO 03,104,Model A,70 years 10 months,70.83333333,443000,68.23348236
2017-01,TAMPINES,4 ROOM,10 TO 12,103,Model A,79 years 05 months,79.41666667,450000,47.24639841
2017-01,TAMPINES,4 ROOM,10 TO 12,104,Model A,70 years 09 months,70.75,450000,47.23348236
2017-01,TAMPINES,4 ROOM,01 TO 03,105,Model A,79 years,79,500000,64.48882265
2017-01,TAMPINES,4 ROOM,07 TO 09,103,Model A,66 years 07 months,66.58333333,510000,61.05265772
2017-01,TAMPINES,5 ROOM,10 TO 12,128,Improved,75 years 08 months,75.66666667,450000,57.21708892
2017-01,TAMPINES,5 ROOM,01 TO 03,133,Model A,75 years 06 months,75.5,455000,53.82314953
2017-01,TAMPINES,5 ROOM,04 TO 06,120,Improved,79 years 11 months,79.91666667,480000,49.30700447
2017-01,TAMPINES,5 ROOM,01 TO 03,121,Improved,67 years 04 months,67.33333333,490000,63.24937904
2017-01,TAMPINES,5 ROOM,04 TO 06,120,Improved,79 years 03 months,79.25,492000,49.30700447
2017-01,TAMPINES,5 ROOM,07 TO 09,127,Improved,75 years 06 months,75.5,495000,53.0958768
2017-01,TAMPINES,5 ROOM,10 TO 12,122,Improved,75 years 06 months,75.5,505000,52.48981619
2017-01,TAMPINES,5 ROOM,04 TO 06,121,Improved,67 years 02 months,67.16666667,505000,56.24937904
2017-01,TAMPINES,5 ROOM,04 TO 06,125,Premium Apartment,79 years 06 months,79.5,530000,52.91306508
2017-01,TAMPINES,5 ROOM,13 TO 15,122,Improved,80 years,80,540000,49.54942871
2017-01,TAMPINES,5 ROOM,01 TO 03,122,Improved,70 years 06 months,70.5,550000,52.41530055
2017-01,TAMPINES,5 ROOM,13 TO 15,119,Improved,79 years 03 months,79.25,550000,49.18579235
2017-01,TAMPINES,5 ROOM,10 TO 12,120,Improved,79 years 03 months,79.25,550000,49.30700447
2017-01,TAMPINES,5 ROOM,10 TO 12,131,Improved,71 years 03 months,71.25,555000,50.52111277
2017-01,TAMPINES,5 ROOM,13 TO 15,120,Improved,79 years 08 months,79.66666667,570000,49.30700447
2017-01,TAMPINES,5 ROOM,04 TO 06,122,Improved,71 years 01 month,71.08333333,570000,54.43020368
2017-01,TAMPINES,5 ROOM,07 TO 09,121,Improved,67 years 04 months,67.33333333,575000,63.24937904
2017-01,TAMPINES,5 ROOM,10 TO 12,122,Improved,71 years,71,608000,58.43020368
2017-01,TAMPINES,5 ROOM,10 TO 12,109,DBSS,90 years 11 months,90.91666667,730000,53.13760556
2017-01,TAMPINES,5 ROOM,13 TO 15,114,DBSS,90 years,90,730000,53.74366617
2017-01,TAMPINES,EXECUTIVE,01 TO 03,142,Apartment,75 years 06 months,75.5,578000,54.91405862
2017-01,TAMPINES,EXECUTIVE,04 TO 06,139,Premium Apartment,78 years 05 months,78.41666667,600000,54.59513164
2017-01,TAMPINES,EXECUTIVE,01 TO 03,146,Apartment,70 years 07 months,70.58333333,600000,60.32439146
2017-01,TAMPINES,EXECUTIVE,10 TO 12,139,Premium Apartment,78 years 05 months,78.41666667,618888,54.59513164
2017-01,TAMPINES,EXECUTIVE,01 TO 03,143,Apartment,75 years 06 months,75.5,625000,59.03527074
2017-01,TAMPINES,EXECUTIVE,10 TO 12,148,Apartment,78 years,78,698000,55.67113761
2017-01,TAMPINES,EXECUTIVE,04 TO 06,146,Maisonette,69 years 10 months,69.83333333,702000,57.30948833
2017-01,TAMPINES,EXECUTIVE,07 TO 09,146,Apartment,77 years 10 months,77.83333333,830000,60.42871336
2017-01,TOA PAYOH,2 ROOM,07 TO 09,43,Standard,49 years 05 months,49.41666667,228500,42.52657725
